account_id,account_name,signup_date,seats,is_trial,churn_flag,churned_next_180d,days_since_signup,n_subscriptions,n_upgrades,n_downgrades,n_trial_subs,total_mrr,max_mrr,avg_mrr,auto_renew_pct,tenure_days,n_ended_subs,n_open_subs,latest_seats,latest_mrr,first_seats,first_mrr,seat_growth,mrr_growth,mrr_growth_pct,upgrade_net,pct_subs_ended,days_since_last_sub_start,total_usage_events,unique_features_used,total_usage_duration_mins,total_errors,beta_feature_pct,avg_usage_count,days_since_last_usage,usage_span_days,error_rate,feature_breadth,usage_last_30d,usage_last_90d,usage_last_180d,recency_ratio_90d,usage_prior_90d,usage_momentum,n_tickets,avg_resolution_hours,max_resolution_hours,avg_first_response_mins,avg_satisfaction,min_satisfaction,sat_missing_rate,n_escalations,days_since_last_ticket,n_urgent_high,urgent_pct,escalation_rate,tickets_last_90d,usage_per_seat,tickets_per_seat,mrr_per_seat,industry_DevTools,industry_EdTech,industry_FinTech,industry_HealthTech,country_CA,country_DE,country_FR,country_IN,country_UK,country_US,referral_source_event,referral_source_organic,referral_source_other,referral_source_partner,plan_tier_Enterprise,plan_tier_Pro,latest_plan_tier_Enterprise,latest_plan_tier_Pro,billing_freq_monthly
A-43a9e3,Company_1,2023-08-17,18,False,True,0,318,7.0,3.0,0.0,0.0,9122.0,5572.0,1303.1,0.714,284.0,0.0,7.0,27.0,513.0,22.0,418.0,5.0,95.0,0.227,3.0,0.0,96.0,23.0,17.0,1073.0,7.0,0.043,9.43,17.0,521.0,0.3043,0.425,1.0,3.0,8.0,0.13,5.0,0.6,3.0,38.0,64.0,73.3,4.0,3.0,0.0,0.0,4.0,2.0,0.667,0.0,1.0,1.28,0.167,506.8,0,0,1,0,0,0,0,1,0,0,0,0,1,0,0,0,0,0,0
A-1f0ac7,Company_3,2023-08-27,24,True,False,1,308,4.0,0.0,0.0,0.0,7491.0,4776.0,1872.8,0.5,209.0,0.0,4.0,47.0,893.0,24.0,1176.0,23.0,-283.0,-0.241,0.0,0.0,58.0,19.0,16.0,851.1,7.0,0.105,10.16,8.0,519.0,0.3684,0.4,3.0,4.0,7.0,0.211,3.0,1.333,2.0,29.0,44.0,174.0,4.0,4.0,1.0,0.0,79.0,1.0,0.5,0.0,1.0,0.79,0.083,312.1,0,0,0,1,0,0,0,0,1,0,0,0,1,0,0,0,0,0,0
A-a0ca4e,Company_6,2024-03-08,11,False,False,0,114,3.0,0.0,0.0,0.0,2806.0,2388.0,935.3,0.667,106.0,0.0,3.0,11.0,209.0,12.0,2388.0,-1.0,-2179.0,-0.912,0.0,0.0,46.0,11.0,8.0,654.2,4.0,0.0,10.36,12.0,387.0,0.3636,0.2,1.0,2.0,5.0,0.182,3.0,0.667,5.0,34.8,60.0,99.8,3.8,3.0,0.0,3.0,245.0,1.0,0.2,0.6,0.0,1.0,0.455,255.1,0,0,0,0,0,0,0,0,0,1,0,0,0,0,0,1,0,0,0
A-10b8da,Company_9,2023-05-08,14,False,True,0,419,4.0,1.0,0.0,1.0,4335.0,3383.0,1083.8,0.75,415.0,1.0,3.0,14.0,686.0,17.0,3383.0,-3.0,-2697.0,-0.797,1.0,0.25,52.0,16.0,15.0,570.6,10.0,0.062,8.94,15.0,505.0,0.625,0.375,2.0,3.0,5.0,0.188,2.0,1.5,3.0,31.3,37.0,71.3,3.67,3.0,0.333,0.0,281.0,2.0,0.667,0.0,0.0,1.14,0.214,309.6,1,0,0,0,0,0,0,0,0,1,0,0,0,1,1,0,0,1,0
A-6c093d,Company_12,2023-04-14,7,True,False,0,443,7.0,2.0,0.0,1.0,3076.0,1393.0,439.4,0.857,427.0,0.0,7.0,15.0,285.0,15.0,285.0,0.0,0.0,0.0,2.0,0.0,53.0,26.0,18.0,1639.8,13.0,0.077,10.81,51.0,489.0,0.5,0.45,0.0,4.0,13.0,0.154,9.0,0.444,2.0,47.0,58.0,99.5,4.5,4.0,0.5,1.0,53.0,1.0,0.5,0.5,1.0,3.71,0.286,439.4,1,0,0,0,0,0,0,0,0,1,0,0,0,1,0,0,0,0,1
A-ac14bb,Company_15,2023-09-08,21,False,False,1,296,7.0,1.0,0.0,1.0,27214.0,14129.0,3887.7,0.857,277.0,1.0,6.0,27.0,513.0,21.0,1029.0,6.0,-516.0,-0.501,1.0,0.143,96.0,35.0,24.0,1674.1,24.0,0.171,9.37,11.0,531.0,0.6857,0.6,2.0,5.0,12.0,0.143,7.0,0.714,2.0,24.5,28.0,30.5,4.0,4.0,0.5,0.0,18.0,1.0,0.5,0.0,1.0,1.67,0.095,1295.9,0,0,1,0,0,0,0,0,0,1,0,0,0,1,1,0,0,0,1
A-ce66f8,Company_17,2023-08-23,29,False,False,0,312,3.0,0.0,0.0,0.0,1653.0,551.0,551.0,1.0,311.0,0.0,3.0,29.0,551.0,29.0,551.0,0.0,0.0,0.0,0.0,0.0,40.0,16.0,14.0,815.6,13.0,0.125,10.62,24.0,487.0,0.8125,0.35,1.0,3.0,5.0,0.188,2.0,1.5,4.0,52.5,70.0,98.8,3.75,3.0,0.75,0.0,34.0,1.0,0.25,0.0,1.0,0.55,0.138,57.0,0,1,0,0,1,0,0,0,0,0,1,0,0,0,0,1,0,0,0
A-c4ea60,Company_18,2023-03-09,18,False,True,0,479,3.0,0.0,1.0,1.0,1254.0,912.0,418.0,0.667,446.0,0.0,3.0,58.0,0.0,48.0,912.0,10.0,-912.0,-1.0,-1.0,0.0,132.0,9.0,9.0,542.2,7.0,0.222,9.44,177.0,324.0,0.7778,0.225,0.0,0.0,1.0,0.0,1.0,0.0,5.0,36.0,58.0,59.0,3.6,3.0,0.0,0.0,38.0,1.0,0.2,0.0,2.0,0.5,0.278,69.7,0,0,1,0,0,1,0,0,0,0,0,0,1,0,1,0,0,0,0
A-30b4ca,Company_23,2024-05-20,86,False,True,1,41,3.0,0.0,0.0,0.0,51342.0,17114.0,17114.0,0.667,37.0,0.0,3.0,86.0,17114.0,86.0,17114.0,0.0,0.0,0.0,0.0,0.0,34.0,14.0,13.0,847.6,9.0,0.214,10.14,45.0,455.0,0.6429,0.325,0.0,2.0,4.0,0.143,2.0,1.0,2.0,54.5,57.0,97.0,4.0,4.0,0.5,0.0,46.0,0.0,0.0,0.0,1.0,0.16,0.023,597.0,0,1,0,0,0,0,0,1,0,0,0,1,0,0,0,0,1,0,1
A-00cac8,Company_26,2023-09-15,8,True,False,0,289,4.0,0.0,0.0,1.0,905.0,392.0,226.2,0.75,288.0,0.0,4.0,9.0,0.0,8.0,392.0,1.0,-392.0,-1.0,0.0,0.0,87.0,29.0,18.0,1316.4,13.0,0.172,10.31,18.0,528.0,0.4483,0.45,1.0,4.0,11.0,0.138,7.0,0.571,2.0,33.0,65.0,120.5,4.0,4.0,1.0,0.0,289.0,2.0,1.0,0.0,0.0,3.62,0.25,113.1,0,0,0,1,0,0,0,0,0,0,0,1,0,0,1,0,1,0,0
A-35083d,Company_27,2023-04-28,19,False,True,0,429,9.0,2.0,0.0,2.0,14326.0,3781.0,1591.8,0.889,393.0,1.0,8.0,19.0,3781.0,19.0,0.0,0.0,3781.0,0.0,2.0,0.111,50.0,34.0,23.0,1875.4,17.0,0.118,10.62,25.0,516.0,0.5,0.575,1.0,5.0,10.0,0.147,5.0,1.0,3.0,46.3,54.0,108.0,5.0,5.0,0.0,0.0,5.0,2.0,0.667,0.0,1.0,1.79,0.158,754.0,0,0,0,1,0,0,0,1,0,0,0,0,0,1,0,0,1,0,1
A-eb7fac,Company_28,2023-10-28,7,False,False,1,246,5.0,0.0,0.0,0.0,33896.0,27064.0,6779.2,0.8,187.0,1.0,4.0,92.0,4508.0,12.0,588.0,80.0,3920.0,6.667,0.0,0.2,37.0,20.0,15.0,1190.2,17.0,0.1,10.15,3.0,540.0,0.85,0.375,2.0,3.0,4.0,0.15,1.0,3.0,4.0,34.0,71.0,126.5,4.0,4.0,0.75,0.0,68.0,2.0,0.5,0.0,1.0,2.86,0.571,4842.3,1,0,0,0,0,0,0,0,0,1,0,1,0,0,1,0,0,1,1
A-45ce7a,Company_31,2023-07-23,16,False,False,0,343,5.0,2.0,1.0,1.0,4728.0,3184.0,945.6,0.8,317.0,1.0,4.0,16.0,0.0,16.0,784.0,0.0,-784.0,-1.0,1.0,0.2,78.0,23.0,14.0,1133.9,22.0,0.043,10.52,6.0,540.0,0.9565,0.35,4.0,6.0,9.0,0.261,3.0,2.0,4.0,44.2,60.0,89.5,3.75,3.0,0.25,0.0,87.0,0.0,0.0,0.0,1.0,1.44,0.25,295.5,0,0,1,0,0,0,0,0,0,1,0,0,0,0,1,0,0,1,1
A-08e34e,Company_32,2024-06-27,14,False,True,1,3,0.0,0.0,0.0,0.0,0.0,0.0,0.0,0.0,0.0,0.0,0.0,0.0,0.0,0.0,0.0,0.0,0.0,0.0,0.0,0.0,0.0,0.0,0.0,0.0,0.0,0.0,0.0,546.0,546.0,0.0,0.0,0.0,0.0,0.0,0.0,0.0,0.0,2.0,30.5,31.0,92.5,3.5,3.0,0.5,0.0,93.0,0.0,0.0,0.0,0.0,0.0,0.143,0.0,0,1,0,0,0,0,0,0,0,1,1,0,0,0,0,0,0,0,0
A-44dc83,Company_35,2024-05-12,5,False,False,1,49,1.0,0.0,0.0,0.0,456.0,456.0,456.0,1.0,13.0,0.0,1.0,24.0,456.0,24.0,456.0,0.0,0.0,0.0,0.0,0.0,13.0,8.0,5.0,458.1,4.0,0.125,9.5,8.0,504.0,0.5,0.125,2.0,2.0,5.0,0.25,3.0,0.667,6.0,43.7,65.0,87.8,4.33,4.0,0.333,0.0,120.0,4.0,0.667,0.0,0.0,1.6,1.2,91.2,0,1,0,0,0,0,1,0,0,0,0,0,1,0,0,0,0,0,0
A-f446b6,Company_36,2023-05-12,5,True,False,0,415,6.0,0.0,0.0,0.0,8465.0,3582.0,1410.8,0.667,399.0,0.0,6.0,53.0,2597.0,30.0,570.0,23.0,2027.0,3.556,0.0,0.0,66.0,21.0,18.0,1084.3,14.0,0.143,9.43,10.0,501.0,0.6667,0.45,2.0,6.0,12.0,0.286,6.0,1.0,7.0,32.6,55.0,76.1,4.14,3.0,0.429,0.0,47.0,5.0,0.714,0.0,1.0,4.2,1.4,1693.0,1,0,0,0,0,1,0,0,0,0,0,0,0,0,0,1,0,1,1
A-a45270,Company_37,2024-06-24,3,False,False,1,6,0.0,0.0,0.0,0.0,0.0,0.0,0.0,0.0,0.0,0.0,0.0,0.0,0.0,0.0,0.0,0.0,0.0,0.0,0.0,0.0,0.0,0.0,0.0,0.0,0.0,0.0,0.0,546.0,546.0,0.0,0.0,0.0,0.0,0.0,0.0,0.0,0.0,2.0,66.0,69.0,141.0,4.0,4.0,1.0,0.0,145.0,2.0,1.0,0.0,0.0,0.0,0.667,0.0,0,0,0,1,0,0,0,0,0,1,0,0,0,0,1,0,0,0,0
A-7f8241,Company_42,2023-03-14,34,False,True,0,474,12.0,2.0,0.0,1.0,30438.0,7164.0,2536.5,0.75,461.0,0.0,12.0,36.0,7164.0,34.0,646.0,2.0,6518.0,10.09,2.0,0.0,14.0,41.0,25.0,2009.8,17.0,0.049,9.15,8.0,538.0,0.4146,0.625,1.0,6.0,15.0,0.146,9.0,0.667,1.0,36.0,36.0,135.0,3.0,3.0,0.0,0.0,72.0,0.0,0.0,0.0,1.0,1.21,0.029,895.2,0,1,0,0,0,0,0,0,0,1,0,1,0,0,0,1,1,0,1
A-6a4e2d,Company_46,2023-04-07,9,False,False,1,450,9.0,1.0,1.0,1.0,9214.0,4378.0,1023.8,0.778,398.0,0.0,9.0,20.0,380.0,56.0,0.0,-36.0,380.0,0.0,0.0,0.0,85.0,39.0,20.0,1917.5,25.0,0.051,10.15,6.0,527.0,0.641,0.5,3.0,10.0,18.0,0.256,8.0,1.25,1.0,22.0,22.0,156.0,4.0,4.0,0.0,0.0,71.0,0.0,0.0,0.0,1.0,4.33,0.111,1023.8,0,1,0,0,0,0,0,0,1,0,0,0,0,1,0,1,0,0,1
A-02fac6,Company_52,2023-04-06,22,False,False,1,451,6.0,0.0,0.0,0.0,15080.0,4577.0,2513.3,0.833,253.0,0.0,6.0,59.0,2891.0,22.0,1078.0,37.0,1813.0,1.682,0.0,0.0,31.0,19.0,15.0,1242.8,9.0,0.0,9.95,39.0,446.0,0.4737,0.375,0.0,1.0,6.0,0.053,5.0,0.2,6.0,23.3,36.0,100.5,4.0,3.0,0.667,0.0,43.0,2.0,0.333,0.0,1.0,0.86,0.273,685.5,0,0,1,0,0,0,0,0,0,1,1,0,0,0,0,1,0,1,1
A-4c38bc,Company_55,2024-03-09,36,False,True,0,113,8.0,0.0,0.0,1.0,14508.0,7164.0,1813.5,0.75,105.0,0.0,8.0,36.0,1764.0,36.0,684.0,0.0,1080.0,1.579,0.0,0.0,29.0,22.0,17.0,982.8,13.0,0.0,9.73,34.0,482.0,0.5909,0.425,0.0,2.0,8.0,0.091,6.0,0.333,2.0,39.5,68.0,46.0,3.5,3.0,0.5,0.0,443.0,2.0,1.0,0.0,0.0,0.61,0.056,403.0,0,0,0,1,0,0,0,0,1,0,1,0,0,0,0,0,0,1,1
A-9ee962,Company_59,2023-02-28,9,False,True,1,488,8.0,3.0,1.0,2.0,9249.0,5771.0,1156.1,0.75,373.0,1.0,7.0,29.0,5771.0,9.0,441.0,20.0,5330.0,12.086,2.0,0.125,24.0,32.0,22.0,1529.9,15.0,0.031,11.38,3.0,524.0,0.4688,0.55,2.0,11.0,15.0,0.344,4.0,2.75,3.0,37.0,64.0,69.7,4.0,4.0,0.667,0.0,35.0,1.0,0.333,0.0,1.0,3.56,0.333,1027.7,0,0,0,1,0,0,0,0,0,1,0,0,0,0,0,0,1,0,1
A-9badbd,Company_63,2024-06-19,5,True,False,0,11,1.0,0.0,0.0,0.0,532.0,532.0,532.0,1.0,1.0,0.0,1.0,28.0,532.0,28.0,532.0,0.0,0.0,0.0,0.0,0.0,1.0,6.0,6.0,281.4,4.0,0.167,7.67,12.0,495.0,0.6667,0.15,1.0,1.0,1.0,0.167,0.0,0.0,3.0,33.7,56.0,105.7,4.33,4.0,0.667,0.0,255.0,3.0,1.0,0.0,0.0,1.2,0.6,106.4,0,0,0,0,0,1,0,0,0,0,0,0,0,0,1,0,0,0,0
A-7e0a10,Company_64,2023-11-18,46,False,False,1,225,8.0,1.0,0.0,0.0,26312.0,9154.0,3289.0,0.625,214.0,0.0,8.0,46.0,874.0,46.0,874.0,0.0,0.0,0.0,1.0,0.0,1.0,24.0,22.0,1371.0,22.0,0.125,10.33,63.0,453.0,0.9167,0.55,0.0,1.0,7.0,0.042,6.0,0.167,3.0,39.3,68.0,80.0,4.0,3.0,0.333,0.0,158.0,3.0,1.0,0.0,0.0,0.52,0.065,572.0,0,0,1,0,0,0,0,0,0,1,0,0,0,0,1,0,0,0,0
A-526d93,Company_66,2024-04-14,43,False,False,1,77,3.0,1.0,0.0,0.0,19163.0,9751.0,6387.7,0.333,72.0,0.0,3.0,45.0,855.0,43.0,8557.0,2.0,-7702.0,-0.9,1.0,0.0,1.0,10.0,9.0,414.4,3.0,0.1,9.8,16.0,416.0,0.3,0.225,1.0,3.0,5.0,0.3,2.0,1.5,4.0,50.8,72.0,129.0,3.75,3.0,0.5,1.0,77.0,3.0,0.75,0.25,1.0,0.23,0.093,445.7,0,0,0,1,0,0,1,0,0,0,0,1,0,0,0,0,0,0,1
A-a1bbb6,Company_74,2023-04-05,1,False,False,0,452,7.0,0.0,0.0,0.0,14402.0,5572.0,2057.4,0.571,440.0,1.0,6.0,8.0,392.0,21.0,1029.0,-13.0,-637.0,-0.619,0.0,0.143,125.0,29.0,20.0,1399.1,20.0,0.207,9.69,1.0,535.0,0.6897,0.5,3.0,6.0,9.0,0.207,3.0,2.0,3.0,17.7,36.0,120.7,4.0,4.0,0.667,0.0,164.0,3.0,1.0,0.0,0.0,29.0,3.0,14402.0,1,0,0,0,1,0,0,0,0,0,0,1,0,0,0,0,0,1,1
A-432483,Company_78,2023-02-06,4,False,False,0,510,7.0,1.0,0.0,1.0,23657.0,11940.0,3379.6,0.714,455.0,1.0,6.0,8.0,392.0,5.0,245.0,3.0,147.0,0.6,1.0,0.143,59.0,26.0,19.0,1439.6,19.0,0.077,9.38,21.0,509.0,0.7308,0.475,1.0,5.0,13.0,0.192,8.0,0.625,0.0,0.0,0.0,0.0,0.0,0.0,0.0,0.0,546.0,0.0,0.0,0.0,0.0,6.5,0.0,5914.2,0,0,0,0,0,0,0,0,0,1,0,0,0,0,0,1,0,1,1
A-98a59a,Company_80,2023-08-04,56,False,False,1,331,6.0,2.0,0.0,0.0,11424.0,2744.0,1904.0,0.5,302.0,0.0,6.0,56.0,1064.0,56.0,2744.0,0.0,-1680.0,-0.612,2.0,0.0,51.0,16.0,14.0,659.0,12.0,0.25,9.44,4.0,475.0,0.75,0.35,2.0,3.0,8.0,0.188,5.0,0.6,1.0,24.0,24.0,68.0,4.0,4.0,1.0,0.0,466.0,1.0,1.0,0.0,0.0,0.29,0.018,204.0,0,0,1,0,0,0,0,0,1,0,0,0,0,1,1,0,0,0,1
A-fe79a5,Company_81,2024-02-21,9,True,False,0,130,5.0,2.0,0.0,3.0,3582.0,1791.0,716.4,1.0,120.0,0.0,5.0,9.0,1791.0,19.0,0.0,-10.0,1791.0,0.0,2.0,0.0,27.0,14.0,11.0,699.6,9.0,0.071,10.36,28.0,511.0,0.6429,0.275,1.0,2.0,3.0,0.143,1.0,2.0,3.0,35.7,66.0,60.3,4.67,4.0,0.333,0.0,212.0,1.0,0.333,0.0,0.0,1.56,0.333,398.0,0,0,0,1,0,0,0,1,0,0,0,0,0,0,0,0,1,0,0
A-726cfa,Company_82,2023-07-01,11,False,False,1,365,12.0,2.0,0.0,1.0,14319.0,5970.0,1193.2,0.833,351.0,0.0,12.0,11.0,539.0,20.0,980.0,-9.0,-441.0,-0.45,2.0,0.0,31.0,42.0,27.0,2033.3,12.0,0.19,9.74,10.0,481.0,0.2857,0.675,1.0,7.0,14.0,0.167,7.0,1.0,2.0,49.0,61.0,146.0,4.0,4.0,0.5,0.0,211.0,1.0,0.5,0.0,0.0,3.82,0.182,1301.7,1,0,0,0,0,0,0,0,0,1,0,0,0,1,0,1,0,1,0
A-91e948,Company_88,2023-01-29,41,False,False,0,518,5.0,1.0,0.0,1.0,5576.0,2009.0,1115.2,1.0,321.0,0.0,5.0,41.0,0.0,41.0,779.0,0.0,-779.0,-1.0,1.0,0.0,156.0,23.0,16.0,825.4,5.0,0.0,9.65,15.0,502.0,0.2174,0.4,1.0,3.0,6.0,0.13,3.0,1.0,0.0,0.0,0.0,0.0,0.0,0.0,0.0,0.0,546.0,0.0,0.0,0.0,0.0,0.56,0.0,136.0,0,1,0,0,0,0,0,0,0,0,0,0,0,1,0,0,0,0,1
A-3a5ad8,Company_94,2023-12-05,9,True,False,0,208,8.0,0.0,1.0,2.0,11216.0,6169.0,1402.0,1.0,195.0,0.0,8.0,9.0,441.0,9.0,0.0,0.0,441.0,0.0,-1.0,0.0,44.0,19.0,17.0,857.5,8.0,0.211,9.68,72.0,439.0,0.4211,0.425,0.0,1.0,5.0,0.053,4.0,0.25,2.0,50.0,50.0,88.0,4.0,4.0,1.0,0.0,350.0,2.0,1.0,0.0,0.0,2.11,0.222,1246.2,0,0,0,1,0,0,0,0,0,1,0,1,0,0,1,0,0,1,1
A-65a46c,Company_95,2023-11-04,1,False,False,0,239,5.0,1.0,0.0,0.0,20323.0,15522.0,4064.6,1.0,117.0,0.0,5.0,37.0,1813.0,78.0,15522.0,-41.0,-13709.0,-0.883,1.0,0.0,56.0,13.0,11.0,554.7,8.0,0.154,8.08,31.0,497.0,0.6154,0.275,0.0,4.0,6.0,0.308,2.0,2.0,6.0,43.3,68.0,104.8,3.83,3.0,0.5,0.0,8.0,4.0,0.667,0.0,2.0,13.0,6.0,20323.0,0,0,0,1,0,0,0,0,0,1,1,0,0,0,0,1,0,1,1
A-8b25f2,Company_96,2024-02-17,6,False,True,0,134,5.0,0.0,0.0,1.0,3062.0,1990.0,612.4,1.0,132.0,0.0,5.0,12.0,588.0,20.0,0.0,-8.0,588.0,0.0,0.0,0.0,39.0,13.0,8.0,646.6,4.0,0.154,12.08,68.0,460.0,0.3077,0.2,0.0,1.0,6.0,0.077,5.0,0.2,2.0,35.5,52.0,50.5,4.0,3.0,0.0,0.0,147.0,0.0,0.0,0.0,0.0,2.17,0.333,510.3,0,0,0,0,0,0,0,0,0,1,0,0,0,0,0,1,0,1,1
A-503d5a,Company_99,2023-10-21,4,False,True,0,253,9.0,0.0,1.0,3.0,5754.0,2388.0,639.3,0.889,253.0,0.0,9.0,6.0,294.0,49.0,931.0,-43.0,-637.0,-0.684,-1.0,0.0,2.0,37.0,28.0,2164.7,18.0,0.081,9.84,3.0,539.0,0.4865,0.7,3.0,7.0,12.0,0.189,5.0,1.4,7.0,37.0,72.0,89.3,4.0,3.0,0.714,0.0,59.0,4.0,0.571,0.0,1.0,9.25,1.75,1438.5,0,0,1,0,0,0,0,0,0,1,0,0,1,0,1,0,0,1,1
A-186a44,Company_101,2023-08-07,20,False,False,0,328,4.0,0.0,1.0,1.0,1740.0,980.0,435.0,0.75,312.0,0.0,4.0,20.0,0.0,20.0,380.0,0.0,-380.0,-1.0,-1.0,0.0,41.0,14.0,13.0,740.0,5.0,0.071,9.86,7.0,531.0,0.3571,0.325,2.0,2.0,4.0,0.143,2.0,1.0,6.0,40.7,62.0,104.5,3.67,3.0,0.5,0.0,11.0,4.0,0.667,0.0,2.0,0.7,0.3,87.0,0,0,0,1,0,0,0,0,0,1,0,0,0,0,1,0,0,1,1
A-0aaf6e,Company_114,2024-05-11,3,False,False,0,50,1.0,0.0,0.0,0.0,1813.0,1813.0,1813.0,0.0,14.0,0.0,1.0,37.0,1813.0,37.0,1813.0,0.0,0.0,0.0,0.0,0.0,14.0,2.0,2.0,75.6,7.0,0.5,10.0,88.0,125.0,3.5,0.05,0.0,1.0,1.0,0.5,0.0,0.0,4.0,41.5,56.0,82.5,3.75,3.0,0.75,0.0,21.0,1.0,0.25,0.0,1.0,0.67,1.333,604.3,0,0,1,0,0,0,0,0,0,1,0,1,0,0,1,0,0,1,1
A-e61e98,Company_115,2023-10-20,19,False,True,1,254,7.0,2.0,0.0,1.0,6357.0,1960.0,908.1,0.714,238.0,0.0,7.0,19.0,361.0,19.0,931.0,0.0,-570.0,-0.612,2.0,0.0,28.0,26.0,19.0,1107.3,13.0,0.192,9.73,10.0,522.0,0.5,0.475,1.0,4.0,6.0,0.154,2.0,2.0,5.0,35.4,71.0,71.2,4.6,3.0,0.0,1.0,134.0,2.0,0.4,0.2,0.0,1.37,0.263,334.6,0,0,1,0,0,0,0,0,0,1,0,0,0,1,1,0,0,0,1
A-92a333,Company_116,2023-03-24,9,False,False,0,464,4.0,0.0,1.0,0.0,9215.0,6567.0,2303.8,1.0,331.0,0.0,4.0,9.0,1791.0,9.0,171.0,0.0,1620.0,9.474,-1.0,0.0,105.0,16.0,13.0,746.4,11.0,0.062,10.44,72.0,404.0,0.6875,0.325,0.0,2.0,7.0,0.125,5.0,0.4,4.0,23.2,44.0,58.2,4.0,4.0,1.0,1.0,25.0,1.0,0.25,0.25,1.0,1.78,0.444,1023.9,0,0,1,0,0,0,0,0,0,1,1,0,0,0,1,0,1,0,1
A-95b24a,Company_117,2023-06-06,38,False,True,0,390,9.0,2.0,1.0,1.0,24312.0,8557.0,2701.3,0.556,352.0,0.0,9.0,38.0,0.0,47.0,2303.0,-9.0,-2303.0,-1.0,1.0,0.0,2.0,37.0,27.0,1965.3,15.0,0.162,10.27,17.0,502.0,0.4054,0.675,2.0,5.0,9.0,0.135,4.0,1.25,5.0,21.2,47.0,90.4,4.2,3.0,0.2,0.0,108.0,4.0,0.8,0.0,0.0,0.97,0.132,639.8,0,0,1,0,0,0,0,0,0,1,1,0,0,0,0,1,1,0,1
A-7d514c,Company_119,2024-02-03,17,False,False,0,148,4.0,1.0,0.0,1.0,7922.0,6766.0,1980.5,1.0,138.0,0.0,4.0,17.0,833.0,17.0,0.0,0.0,833.0,0.0,1.0,0.0,17.0,15.0,14.0,880.1,4.0,0.067,10.8,31.0,478.0,0.2667,0.35,0.0,4.0,7.0,0.267,3.0,1.333,2.0,24.0,43.0,55.0,4.5,4.0,0.5,0.0,94.0,1.0,0.5,0.0,0.0,0.88,0.118,466.0,0,0,0,1,0,1,0,0,0,0,0,1,0,0,1,0,0,1,1
A-e2cd1b,Company_121,2024-02-04,15,False,False,0,147,4.0,0.0,0.0,1.0,4556.0,2985.0,1139.0,1.0,129.0,0.0,4.0,15.0,0.0,44.0,836.0,-29.0,-836.0,-1.0,0.0,0.0,6.0,19.0,16.0,734.5,7.0,0.158,10.21,33.0,491.0,0.3684,0.4,0.0,2.0,9.0,0.105,7.0,0.286,4.0,40.5,67.0,77.0,3.75,3.0,0.25,0.0,318.0,2.0,0.5,0.0,0.0,1.27,0.267,303.7,1,0,0,0,0,0,0,0,0,1,0,0,1,0,1,0,0,0,0
A-7df7a7,Company_125,2023-01-28,7,False,True,1,519,12.0,0.0,2.0,2.0,21062.0,8955.0,1755.2,0.833,511.0,1.0,11.0,7.0,1393.0,7.0,343.0,0.0,1050.0,3.061,-2.0,0.083,36.0,48.0,25.0,2214.0,14.0,0.146,10.58,1.0,543.0,0.2917,0.625,4.0,8.0,11.0,0.167,3.0,2.667,3.0,28.0,50.0,93.0,4.0,3.0,0.0,1.0,103.0,3.0,1.0,0.333,0.0,6.86,0.429,3008.9,1,0,0,0,0,0,0,0,0,1,0,1,0,0,0,0,1,0,1
A-52dd88,Company_127,2023-02-21,23,False,False,0,495,7.0,0.0,0.0,1.0,4839.0,1274.0,691.3,0.571,462.0,0.0,7.0,23.0,1127.0,26.0,1274.0,-3.0,-147.0,-0.115,0.0,0.0,110.0,22.0,16.0,1336.1,15.0,0.045,9.95,21.0,488.0,0.6818,0.4,1.0,2.0,5.0,0.091,3.0,0.667,1.0,72.0,72.0,111.0,4.0,4.0,1.0,0.0,199.0,0.0,0.0,0.0,0.0,0.96,0.043,210.4,0,0,0,0,0,0,0,0,0,1,0,0,0,0,0,1,0,1,1
A-96e141,Company_134,2023-08-12,14,False,False,1,323,4.0,0.0,0.0,1.0,5432.0,2786.0,1358.0,1.0,260.0,0.0,4.0,14.0,2786.0,40.0,0.0,-26.0,2786.0,0.0,0.0,0.0,57.0,14.0,12.0,483.2,6.0,0.071,8.36,22.0,467.0,0.4286,0.3,2.0,5.0,6.0,0.357,1.0,5.0,5.0,32.8,70.0,68.4,4.2,4.0,0.4,0.0,76.0,3.0,0.6,0.0,1.0,1.0,0.357,388.0,1,0,0,0,0,0,0,0,1,0,0,0,0,1,0,0,1,0,1
A-50f3f7,Company_140,2023-12-22,31,False,True,0,191,8.0,0.0,2.0,2.0,15070.0,8955.0,1883.8,0.75,177.0,0.0,8.0,31.0,1519.0,45.0,8955.0,-14.0,-7436.0,-0.83,-2.0,0.0,3.0,24.0,18.0,1145.1,12.0,0.208,10.08,4.0,541.0,0.5,0.45,1.0,5.0,7.0,0.208,2.0,2.5,5.0,40.2,70.0,48.4,4.4,4.0,0.6,1.0,197.0,2.0,0.4,0.2,0.0,0.77,0.161,486.1,0,0,0,1,0,0,0,0,0,1,0,0,0,1,0,0,0,1,0
A-7da956,Company_141,2024-06-02,13,True,False,0,28,1.0,0.0,0.0,1.0,0.0,0.0,0.0,1.0,15.0,0.0,1.0,26.0,0.0,26.0,0.0,0.0,0.0,0.0,0.0,0.0,15.0,1.0,1.0,24.9,3.0,0.0,9.0,468.0,0.0,3.0,0.025,0.0,0.0,0.0,0.0,0.0,0.0,2.0,38.5,42.0,83.5,4.5,4.0,0.5,0.0,71.0,0.0,0.0,0.0,1.0,0.08,0.154,0.0,0,0,0,0,0,0,0,0,0,1,1,0,0,0,0,1,0,0,0
A-019782,Company_142,2023-04-19,11,False,False,0,438,8.0,1.0,0.0,1.0,8353.0,3184.0,1044.1,0.75,388.0,1.0,7.0,14.0,266.0,17.0,833.0,-3.0,-567.0,-0.681,1.0,0.125,5.0,34.0,24.0,1666.3,18.0,0.029,10.21,21.0,518.0,0.5294,0.6,1.0,4.0,11.0,0.118,7.0,0.571,0.0,0.0,0.0,0.0,0.0,0.0,0.0,0.0,546.0,0.0,0.0,0.0,0.0,3.09,0.0,759.4,1,0,0,0,0,0,1,0,0,0,1,0,0,0,1,0,0,0,0
A-3932db,Company_144,2023-10-04,19,True,True,0,270,3.0,1.0,1.0,0.0,1577.0,779.0,525.7,1.0,203.0,0.0,3.0,41.0,779.0,23.0,437.0,18.0,342.0,0.783,0.0,0.0,116.0,8.0,7.0,291.5,7.0,0.125,7.88,118.0,404.0,0.875,0.175,0.0,0.0,2.0,0.0,2.0,0.0,5.0,37.0,68.0,89.0,4.2,3.0,0.4,0.0,154.0,3.0,0.6,0.0,0.0,0.42,0.263,83.0,0,0,0,1,1,0,0,0,0,0,0,0,1,0,0,1,0,0,1
A-8ae05d,Company_147,2024-04-06,86,False,False,1,85,2.0,0.0,0.0,1.0,1634.0,1634.0,817.0,0.5,29.0,0.0,2.0,86.0,0.0,86.0,1634.0,0.0,-1634.0,-1.0,0.0,0.0,21.0,5.0,5.0,269.6,1.0,0.0,9.6,41.0,369.0,0.2,0.125,0.0,1.0,1.0,0.2,0.0,0.0,1.0,47.0,47.0,48.0,4.0,4.0,0.0,0.0,329.0,1.0,1.0,0.0,0.0,0.06,0.012,19.0,0,0,1,0,0,0,0,1,0,0,0,0,1,0,1,0,0,0,1
A-439b2f,Company_152,2024-02-21,1,False,True,1,130,4.0,0.0,0.0,1.0,446.0,199.0,111.5,0.75,113.0,1.0,3.0,1.0,199.0,7.0,133.0,-6.0,66.0,0.496,0.0,0.25,31.0,14.0,11.0,511.3,2.0,0.143,8.43,10.0,511.0,0.1429,0.275,2.0,3.0,5.0,0.214,2.0,1.5,2.0,17.5,30.0,66.5,4.0,4.0,1.0,0.0,159.0,1.0,0.5,0.0,0.0,14.0,2.0,446.0,1,0,0,0,0,0,0,0,0,1,0,0,0,0,1,0,1,0,1
A-544d0a,Company_153,2024-05-02,2,True,False,0,59,3.0,0.0,0.0,0.0,2610.0,2107.0,870.0,0.667,37.0,0.0,3.0,11.0,209.0,43.0,2107.0,-32.0,-1898.0,-0.901,0.0,0.0,3.0,13.0,12.0,733.6,5.0,0.154,11.15,72.0,382.0,0.3846,0.3,0.0,1.0,3.0,0.077,2.0,0.5,2.0,38.5,50.0,98.0,4.0,3.0,0.0,1.0,72.0,1.0,0.5,0.5,1.0,6.5,1.0,1305.0,1,0,0,0,0,0,0,0,0,1,0,1,0,0,0,0,0,0,0
A-038089,Company_156,2023-12-19,5,False,True,1,194,1.0,0.0,0.0,0.0,245.0,245.0,245.0,1.0,3.0,0.0,1.0,5.0,245.0,5.0,245.0,0.0,0.0,0.0,0.0,0.0,3.0,8.0,7.0,357.8,8.0,0.0,10.12,192.0,281.0,1.0,0.175,0.0,0.0,0.0,0.0,0.0,0.0,6.0,30.2,61.0,86.2,3.83,3.0,0.5,0.0,36.0,2.0,0.333,0.0,2.0,1.6,1.2,49.0,1,0,0,0,0,0,1,0,0,0,0,0,1,0,0,1,0,1,0
A-d5a319,Company_158,2023-05-04,15,False,True,0,423,7.0,2.0,1.0,2.0,15577.0,13930.0,2225.3,0.857,369.0,0.0,7.0,15.0,285.0,15.0,0.0,0.0,285.0,0.0,1.0,0.0,166.0,30.0,23.0,1799.6,21.0,0.067,10.47,10.0,527.0,0.7,0.575,1.0,3.0,5.0,0.1,2.0,1.5,0.0,0.0,0.0,0.0,0.0,0.0,0.0,0.0,546.0,0.0,0.0,0.0,0.0,2.0,0.0,1038.5,0,0,1,0,0,0,0,0,0,1,0,0,1,0,1,0,0,0,0
A-f97b9a,Company_159,2023-07-09,16,False,False,0,357,6.0,0.0,0.0,2.0,20099.0,7164.0,3349.8,0.833,294.0,0.0,6.0,16.0,3184.0,16.0,0.0,0.0,3184.0,0.0,0.0,0.0,11.0,25.0,20.0,1362.8,19.0,0.16,10.2,55.0,341.0,0.76,0.5,0.0,4.0,14.0,0.16,10.0,0.4,6.0,29.8,59.0,74.0,3.83,3.0,0.5,0.0,20.0,3.0,0.5,0.0,1.0,1.56,0.375,1256.2,0,0,1,0,0,0,0,0,0,1,1,0,0,0,0,1,1,0,0
A-856b1e,Company_161,2023-10-31,19,False,False,0,243,5.0,1.0,0.0,0.0,6321.0,1764.0,1264.2,0.8,241.0,0.0,5.0,36.0,1764.0,19.0,931.0,17.0,833.0,0.895,1.0,0.0,148.0,10.0,10.0,480.0,13.0,0.2,9.7,24.0,454.0,1.3,0.25,1.0,3.0,4.0,0.3,1.0,3.0,4.0,44.8,65.0,68.5,4.0,4.0,1.0,1.0,141.0,0.0,0.0,0.25,0.0,0.53,0.211,332.7,0,0,1,0,0,0,0,0,0,1,0,0,0,1,0,0,0,1,1
A-e36807,Company_164,2024-05-17,6,False,False,0,44,2.0,0.0,0.0,0.0,3401.0,1862.0,1700.5,0.0,29.0,0.0,2.0,38.0,1862.0,81.0,1539.0,-43.0,323.0,0.21,0.0,0.0,10.0,11.0,10.0,668.2,4.0,0.091,9.09,38.0,454.0,0.3636,0.25,0.0,3.0,3.0,0.273,0.0,0.0,1.0,69.0,69.0,159.0,4.0,4.0,0.0,0.0,39.0,0.0,0.0,0.0,1.0,1.83,0.167,566.8,0,1,0,0,0,0,0,0,0,0,0,0,1,0,0,1,0,1,0
A-ff79f2,Company_165,2024-04-25,8,False,True,0,66,1.0,0.0,0.0,0.0,228.0,228.0,228.0,1.0,32.0,0.0,1.0,12.0,228.0,12.0,228.0,0.0,0.0,0.0,0.0,0.0,32.0,9.0,8.0,343.4,2.0,0.222,9.22,44.0,433.0,0.2222,0.2,0.0,2.0,3.0,0.222,1.0,2.0,1.0,37.0,37.0,29.0,4.0,4.0,1.0,0.0,183.0,0.0,0.0,0.0,0.0,1.12,0.125,28.5,1,0,0,0,0,0,0,0,0,1,0,0,0,0,0,0,0,0,0
A-5b1bcd,Company_166,2023-09-16,73,False,False,1,288,10.0,1.0,0.0,1.0,93513.0,14527.0,9351.3,1.0,281.0,0.0,10.0,73.0,3577.0,73.0,1387.0,0.0,2190.0,1.579,1.0,0.0,24.0,43.0,23.0,2018.4,22.0,0.116,10.26,4.0,541.0,0.5116,0.575,3.0,7.0,13.0,0.163,6.0,1.167,2.0,62.5,67.0,106.5,4.0,4.0,0.5,0.0,82.0,1.0,0.5,0.0,1.0,0.59,0.027,1281.0,1,0,0,0,0,0,0,0,0,1,0,1,0,0,0,1,0,1,0
A-71615e,Company_167,2024-05-18,15,False,False,1,43,1.0,0.0,0.0,0.0,2985.0,2985.0,2985.0,1.0,3.0,0.0,1.0,15.0,2985.0,15.0,2985.0,0.0,0.0,0.0,0.0,0.0,3.0,4.0,4.0,276.2,4.0,0.25,12.25,250.0,205.0,1.0,0.1,0.0,0.0,0.0,0.0,0.0,0.0,1.0,49.0,49.0,77.0,4.0,4.0,1.0,0.0,170.0,0.0,0.0,0.0,0.0,0.27,0.067,199.0,0,1,0,0,0,0,0,0,0,1,0,1,0,0,0,0,1,0,0
A-794a0b,Company_168,2023-06-02,23,False,False,1,394,6.0,0.0,0.0,2.0,4406.0,1715.0,734.3,0.667,328.0,0.0,6.0,23.0,1127.0,23.0,0.0,0.0,1127.0,0.0,0.0,0.0,6.0,19.0,16.0,699.0,22.0,0.053,8.84,25.0,506.0,1.1579,0.4,1.0,6.0,9.0,0.316,3.0,2.0,0.0,0.0,0.0,0.0,0.0,0.0,0.0,0.0,546.0,0.0,0.0,0.0,0.0,0.83,0.0,191.6,0,0,0,1,0,1,0,0,0,0,0,1,0,0,0,0,0,1,1
A-86902e,Company_169,2023-05-02,34,False,False,1,425,8.0,2.0,0.0,2.0,28629.0,12139.0,3578.6,0.875,345.0,0.0,8.0,34.0,6766.0,34.0,0.0,0.0,6766.0,0.0,2.0,0.0,8.0,37.0,26.0,2208.2,13.0,0.135,10.35,4.0,530.0,0.3514,0.65,2.0,5.0,10.0,0.135,5.0,1.0,9.0,40.9,67.0,71.4,3.78,3.0,0.556,0.0,27.0,4.0,0.444,0.0,2.0,1.09,0.265,842.0,0,0,0,1,0,0,0,1,0,0,0,0,1,0,1,0,1,0,1
A-ad64c6,Company_175,2024-02-23,12,False,False,1,128,2.0,0.0,0.0,0.0,7960.0,5572.0,3980.0,0.0,115.0,0.0,2.0,28.0,5572.0,12.0,2388.0,16.0,3184.0,1.333,0.0,0.0,15.0,9.0,7.0,608.8,10.0,0.0,10.89,5.0,473.0,1.1111,0.175,2.0,3.0,3.0,0.333,0.0,0.0,1.0,4.0,4.0,60.0,4.0,4.0,1.0,0.0,71.0,0.0,0.0,0.0,1.0,0.75,0.083,663.3,1,0,0,0,0,0,0,0,1,0,1,0,0,0,0,1,1,0,0
A-56962b,Company_177,2024-04-09,163,False,False,1,82,1.0,0.0,0.0,1.0,0.0,0.0,0.0,0.0,46.0,0.0,1.0,163.0,0.0,163.0,0.0,0.0,0.0,0.0,0.0,0.0,46.0,4.0,4.0,209.3,3.0,0.0,10.5,52.0,332.0,0.75,0.1,0.0,1.0,1.0,0.25,0.0,0.0,4.0,37.5,66.0,105.5,3.75,3.0,0.75,0.0,132.0,1.0,0.25,0.0,0.0,0.02,0.025,0.0,0,1,0,0,0,0,0,0,1,0,0,0,0,1,1,0,0,1,1
A-296d7c,Company_182,2023-11-08,2,False,False,1,235,3.0,0.0,0.0,0.0,513.0,361.0,171.0,0.667,152.0,0.0,3.0,2.0,38.0,6.0,114.0,-4.0,-76.0,-0.667,0.0,0.0,22.0,11.0,11.0,791.8,6.0,0.273,11.73,7.0,435.0,0.5455,0.275,2.0,3.0,5.0,0.273,2.0,1.5,3.0,50.7,71.0,106.3,3.67,3.0,0.333,0.0,64.0,1.0,0.333,0.0,1.0,5.5,1.5,256.5,1,0,0,0,0,1,0,0,0,0,0,0,1,0,1,0,0,0,0
A-a1b80b,Company_184,2023-11-27,16,False,False,1,216,7.0,2.0,0.0,1.0,20983.0,10348.0,2997.6,0.714,111.0,0.0,7.0,16.0,3184.0,52.0,10348.0,-36.0,-7164.0,-0.692,2.0,0.0,2.0,22.0,17.0,1164.2,12.0,0.045,9.82,81.0,465.0,0.5455,0.425,0.0,1.0,3.0,0.045,2.0,0.5,3.0,42.7,58.0,91.7,3.67,3.0,0.333,0.0,211.0,1.0,0.333,0.0,0.0,1.38,0.188,1311.4,0,0,0,1,0,0,0,0,0,1,0,1,0,0,0,0,1,0,0
A-7a0d69,Company_187,2024-06-15,4,True,True,1,15,0.0,0.0,0.0,0.0,0.0,0.0,0.0,0.0,0.0,0.0,0.0,0.0,0.0,0.0,0.0,0.0,0.0,0.0,0.0,0.0,0.0,0.0,0.0,0.0,0.0,0.0,0.0,546.0,546.0,0.0,0.0,0.0,0.0,0.0,0.0,0.0,0.0,1.0,22.0,22.0,22.0,5.0,5.0,0.0,0.0,66.0,1.0,1.0,0.0,1.0,0.0,0.25,0.0,1,0,0,0,0,1,0,0,0,0,0,0,0,0,1,0,0,0,0
A-22d9d2,Company_188,2024-03-22,8,False,False,1,100,7.0,1.0,0.0,1.0,5640.0,2842.0,805.7,0.857,95.0,0.0,7.0,8.0,392.0,8.0,152.0,0.0,240.0,1.579,1.0,0.0,1.0,29.0,19.0,1669.1,9.0,0.034,10.14,16.0,525.0,0.3103,0.475,2.0,10.0,12.0,0.345,2.0,5.0,4.0,19.5,31.0,93.0,4.25,4.0,0.25,0.0,67.0,2.0,0.5,0.0,1.0,3.62,0.5,705.0,1,0,0,0,0,0,1,0,0,0,1,0,0,0,0,1,0,1,0
A-779e4e,Company_193,2023-01-02,5,False,False,0,545,6.0,2.0,1.0,0.0,24419.0,11542.0,4069.8,1.0,538.0,1.0,5.0,36.0,7164.0,9.0,171.0,27.0,6993.0,40.895,1.0,0.167,231.0,22.0,18.0,863.1,6.0,0.091,8.32,37.0,504.0,0.2727,0.45,0.0,1.0,6.0,0.045,5.0,0.2,4.0,23.2,33.0,71.8,3.75,3.0,0.25,0.0,355.0,3.0,0.75,0.0,0.0,4.4,0.8,4883.8,0,0,0,1,0,0,0,0,0,1,0,1,0,0,0,0,1,0,0
A-53f4e3,Company_194,2024-06-14,13,False,False,1,16,1.0,0.0,0.0,0.0,931.0,931.0,931.0,0.0,13.0,0.0,1.0,19.0,931.0,19.0,931.0,0.0,0.0,0.0,0.0,0.0,13.0,3.0,3.0,175.3,1.0,0.0,9.33,37.0,463.0,0.3333,0.075,0.0,1.0,1.0,0.333,0.0,0.0,4.0,26.0,50.0,99.2,3.75,3.0,0.5,0.0,45.0,4.0,1.0,0.0,1.0,0.23,0.308,71.6,0,0,0,0,0,0,0,0,1,0,1,0,0,0,1,0,0,1,1
A-692f18,Company_195,2024-03-28,5,True,True,1,94,6.0,1.0,0.0,1.0,9691.0,5771.0,1615.2,0.833,93.0,0.0,6.0,5.0,245.0,29.0,5771.0,-24.0,-5526.0,-0.958,1.0,0.0,11.0,28.0,24.0,1520.0,24.0,0.071,10.21,77.0,457.0,0.8571,0.6,0.0,1.0,10.0,0.036,9.0,0.111,0.0,0.0,0.0,0.0,0.0,0.0,0.0,0.0,546.0,0.0,0.0,0.0,0.0,5.6,0.0,1938.2,0,1,0,0,0,0,0,0,0,1,0,0,1,0,0,0,0,1,0
A-1986ca,Company_197,2023-01-30,20,False,False,0,517,4.0,1.0,0.0,1.0,14129.0,6169.0,3532.2,0.5,360.0,0.0,4.0,31.0,6169.0,20.0,3980.0,11.0,2189.0,0.55,1.0,0.0,54.0,18.0,14.0,834.0,16.0,0.111,9.72,16.0,492.0,0.8889,0.35,1.0,4.0,6.0,0.222,2.0,2.0,4.0,24.5,50.0,101.5,3.75,3.0,0.25,0.0,83.0,3.0,0.75,0.0,1.0,0.9,0.2,706.4,0,0,0,1,0,0,0,1,0,0,0,0,0,0,0,1,1,0,1
A-354f12,Company_201,2024-04-28,1,True,False,1,63,1.0,0.0,1.0,0.0,6766.0,6766.0,6766.0,1.0,33.0,0.0,1.0,34.0,6766.0,34.0,6766.0,0.0,0.0,0.0,-1.0,0.0,33.0,4.0,4.0,277.7,2.0,0.25,13.5,196.0,243.0,0.5,0.1,0.0,0.0,0.0,0.0,0.0,0.0,2.0,56.5,66.0,137.5,4.0,4.0,1.0,0.0,322.0,0.0,0.0,0.0,0.0,4.0,2.0,6766.0,0,0,1,0,0,0,0,0,0,1,0,0,0,0,0,1,1,0,0
A-34d880,Company_207,2024-04-11,4,False,False,1,80,4.0,0.0,0.0,2.0,10743.0,10547.0,2685.8,0.75,73.0,0.0,4.0,7.0,0.0,53.0,10547.0,-46.0,-10547.0,-1.0,0.0,0.0,4.0,19.0,18.0,1092.8,22.0,0.053,11.0,9.0,535.0,1.1579,0.45,2.0,2.0,4.0,0.105,2.0,1.0,2.0,51.5,61.0,45.0,3.0,3.0,0.0,0.0,264.0,1.0,0.5,0.0,0.0,4.75,0.5,2685.8,0,0,0,0,0,0,0,0,0,0,0,0,0,0,1,0,1,0,1
A-508199,Company_208,2024-01-28,19,False,False,0,154,4.0,0.0,0.0,0.0,8436.0,3781.0,2109.0,0.5,152.0,0.0,4.0,19.0,3781.0,19.0,3781.0,0.0,0.0,0.0,0.0,0.0,65.0,14.0,11.0,621.9,6.0,0.071,8.79,55.0,468.0,0.4286,0.275,0.0,1.0,4.0,0.071,3.0,0.333,2.0,52.0,60.0,75.0,3.5,3.0,0.5,0.0,99.0,1.0,0.5,0.0,0.0,0.74,0.105,444.0,0,0,1,0,0,0,0,0,0,0,1,0,0,0,0,0,1,0,0
A-f03140,Company_209,2023-11-22,27,True,False,1,221,5.0,0.0,0.0,0.0,9094.0,5373.0,1818.8,0.8,202.0,0.0,5.0,28.0,1372.0,27.0,513.0,1.0,859.0,1.674,0.0,0.0,33.0,28.0,20.0,1406.1,12.0,0.036,9.93,17.0,518.0,0.4286,0.5,2.0,7.0,10.0,0.25,3.0,2.333,7.0,36.0,65.0,113.1,3.86,3.0,0.571,0.0,122.0,3.0,0.429,0.0,0.0,1.04,0.259,336.8,1,0,0,0,0,0,0,1,0,0,1,0,0,0,0,1,0,1,0
A-fa2041,Company_211,2024-05-29,15,True,False,1,32,2.0,0.0,0.0,1.0,2548.0,2548.0,1274.0,1.0,19.0,0.0,2.0,52.0,2548.0,18.0,0.0,34.0,2548.0,0.0,0.0,0.0,14.0,10.0,9.0,459.4,6.0,0.2,9.7,21.0,518.0,0.6,0.225,1.0,5.0,6.0,0.5,1.0,5.0,1.0,16.0,16.0,99.0,3.0,3.0,0.0,0.0,92.0,0.0,0.0,0.0,0.0,0.67,0.067,169.9,0,0,0,1,0,0,0,0,0,1,0,1,0,0,0,1,0,1,1
A-de58ca,Company_212,2023-04-13,15,False,False,0,444,9.0,0.0,0.0,2.0,16456.0,12338.0,1828.4,0.444,437.0,1.0,8.0,15.0,735.0,15.0,735.0,0.0,0.0,0.0,0.0,0.111,21.0,30.0,21.0,1403.9,22.0,0.133,10.63,18.0,519.0,0.7333,0.525,2.0,4.0,7.0,0.133,3.0,1.333,3.0,25.7,59.0,98.7,3.67,3.0,0.667,0.0,185.0,0.0,0.0,0.0,0.0,2.0,0.2,1097.1,0,0,0,1,0,1,0,0,0,0,0,1,0,0,1,0,0,1,0
A-cab532,Company_218,2023-04-03,11,True,False,1,454,9.0,1.0,1.0,2.0,12577.0,4975.0,1397.4,0.889,436.0,0.0,9.0,20.0,0.0,11.0,2189.0,9.0,-2189.0,-1.0,0.0,0.0,40.0,45.0,27.0,2174.8,23.0,0.067,10.2,22.0,524.0,0.5111,0.675,1.0,6.0,15.0,0.133,9.0,0.667,1.0,32.0,32.0,175.0,4.0,4.0,0.0,0.0,94.0,0.0,0.0,0.0,0.0,4.09,0.091,1143.4,1,0,0,0,0,0,1,0,0,0,0,1,0,0,0,1,0,0,0
A-d922bf,Company_221,2023-09-08,5,True,True,1,296,3.0,0.0,0.0,1.0,12338.0,6368.0,4112.7,1.0,245.0,0.0,3.0,5.0,0.0,30.0,5970.0,-25.0,-5970.0,-1.0,0.0,0.0,135.0,12.0,11.0,756.5,4.0,0.083,11.25,77.0,451.0,0.3333,0.275,0.0,2.0,5.0,0.167,3.0,0.667,6.0,41.8,72.0,116.8,3.83,3.0,0.667,1.0,130.0,1.0,0.167,0.167,0.0,2.4,1.2,2467.6,0,0,0,1,0,0,0,0,0,1,0,0,0,0,0,0,0,0,0
A-8ed5dd,Company_222,2023-06-29,5,False,True,1,367,8.0,3.0,0.0,0.0,10894.0,5970.0,1361.8,0.875,327.0,0.0,8.0,5.0,995.0,5.0,245.0,0.0,750.0,3.061,3.0,0.0,66.0,35.0,24.0,1965.5,27.0,0.029,10.37,3.0,527.0,0.7714,0.6,3.0,8.0,12.0,0.229,4.0,2.0,5.0,33.2,51.0,96.8,4.0,3.0,0.4,0.0,21.0,3.0,0.6,0.0,2.0,7.0,1.0,2178.8,0,1,0,0,0,0,0,0,1,0,1,0,0,0,1,0,1,0,0
A-3c1a3f,Company_224,2023-08-26,1,False,False,0,309,8.0,0.0,1.0,3.0,9962.0,5771.0,1245.2,0.875,304.0,1.0,7.0,19.0,931.0,45.0,0.0,-26.0,931.0,0.0,-1.0,0.125,55.0,30.0,23.0,1855.8,14.0,0.133,9.6,9.0,515.0,0.4667,0.575,2.0,3.0,10.0,0.1,7.0,0.429,4.0,33.2,58.0,56.5,3.75,3.0,0.5,0.0,113.0,1.0,0.25,0.0,0.0,30.0,4.0,9962.0,1,0,0,0,0,0,0,0,1,0,1,0,0,0,0,1,0,1,0
A-9bfc9f,Company_228,2023-09-14,53,False,False,0,290,7.0,2.0,1.0,2.0,9805.0,2597.0,1400.7,0.857,285.0,1.0,6.0,53.0,0.0,53.0,2597.0,0.0,-2597.0,-1.0,1.0,0.143,66.0,22.0,13.0,1031.1,12.0,0.045,9.59,26.0,488.0,0.5455,0.325,1.0,3.0,5.0,0.136,2.0,1.5,4.0,38.0,63.0,110.0,3.5,3.0,0.25,1.0,121.0,2.0,0.5,0.25,0.0,0.42,0.075,185.0,1,0,0,0,1,0,0,0,0,0,0,0,0,0,0,1,0,1,1
A-4ae22a,Company_229,2024-05-09,6,False,True,1,52,1.0,0.0,0.0,0.0,5572.0,5572.0,5572.0,0.0,33.0,0.0,1.0,28.0,5572.0,28.0,5572.0,0.0,0.0,0.0,0.0,0.0,33.0,3.0,3.0,153.0,5.0,0.333,10.0,186.0,180.0,1.6667,0.075,0.0,0.0,0.0,0.0,0.0,0.0,2.0,17.0,30.0,104.0,3.5,3.0,0.5,0.0,114.0,0.0,0.0,0.0,0.0,0.5,0.333,928.7,0,1,0,0,0,0,0,0,0,1,0,0,1,0,0,1,1,0,0
A-977ca0,Company_232,2023-02-20,6,False,True,0,496,12.0,0.0,0.0,4.0,25755.0,18109.0,2146.2,0.75,496.0,1.0,11.0,20.0,0.0,6.0,1194.0,14.0,-1194.0,-1.0,0.0,0.083,77.0,42.0,26.0,1913.4,29.0,0.167,10.83,5.0,535.0,0.6905,0.65,1.0,5.0,13.0,0.119,8.0,0.625,2.0,64.0,72.0,108.5,4.0,4.0,1.0,0.0,274.0,1.0,0.5,0.0,0.0,7.0,0.333,4292.5,0,0,0,1,0,0,0,1,0,0,0,0,0,1,0,0,0,1,1
A-e89151,Company_234,2023-09-14,8,True,True,0,290,7.0,3.0,0.0,0.0,11459.0,4577.0,1637.0,0.714,229.0,1.0,6.0,8.0,152.0,8.0,1592.0,0.0,-1440.0,-0.905,3.0,0.143,38.0,31.0,21.0,1574.0,19.0,0.258,10.52,19.0,445.0,0.6129,0.525,1.0,3.0,6.0,0.097,3.0,1.0,1.0,54.0,54.0,43.0,5.0,5.0,0.0,0.0,90.0,0.0,0.0,0.0,1.0,3.88,0.125,1432.4,0,0,1,0,0,0,0,0,1,0,0,1,0,0,0,1,0,0,1
A-40906c,Company_235,2024-03-27,92,False,False,0,95,5.0,0.0,0.0,2.0,24564.0,18308.0,4912.8,0.6,33.0,0.0,5.0,92.0,0.0,92.0,0.0,0.0,0.0,0.0,0.0,0.0,9.0,19.0,13.0,984.2,7.0,0.158,11.21,23.0,507.0,0.3684,0.325,1.0,2.0,4.0,0.105,2.0,1.0,1.0,6.0,6.0,84.0,3.0,3.0,0.0,0.0,35.0,0.0,0.0,0.0,1.0,0.21,0.011,267.0,0,1,0,0,0,0,0,0,0,1,0,0,0,0,0,0,1,0,0
A-328bd0,Company_237,2023-05-16,18,False,False,0,411,10.0,1.0,0.0,1.0,11173.0,3582.0,1117.3,0.9,325.0,2.0,8.0,37.0,1813.0,28.0,0.0,9.0,1813.0,0.0,1.0,0.2,39.0,36.0,21.0,1663.2,33.0,0.056,9.31,4.0,539.0,0.9167,0.525,4.0,5.0,7.0,0.139,2.0,2.5,3.0,31.7,47.0,88.7,3.67,3.0,0.333,0.0,116.0,0.0,0.0,0.0,0.0,2.0,0.167,620.7,0,0,0,1,0,0,0,0,0,0,0,0,0,1,1,0,0,1,0
A-b3fe05,Company_238,2024-05-28,8,False,False,0,33,1.0,0.0,0.0,1.0,0.0,0.0,0.0,1.0,24.0,0.0,1.0,11.0,0.0,11.0,0.0,0.0,0.0,0.0,0.0,0.0,24.0,6.0,6.0,275.4,2.0,0.167,9.67,101.0,289.0,0.3333,0.15,0.0,0.0,2.0,0.0,2.0,0.0,3.0,43.3,66.0,112.7,3.33,3.0,0.333,0.0,303.0,3.0,1.0,0.0,0.0,0.75,0.375,0.0,0,0,0,0,1,0,0,0,0,0,0,0,0,1,0,1,0,1,0
A-e693b6,Company_240,2023-05-25,55,False,True,1,402,7.0,1.0,0.0,1.0,21120.0,10945.0,3017.1,0.857,334.0,1.0,6.0,55.0,2695.0,55.0,1045.0,0.0,1650.0,1.579,1.0,0.143,50.0,27.0,20.0,1856.8,4.0,0.0,11.81,4.0,528.0,0.1481,0.5,2.0,8.0,13.0,0.296,5.0,1.6,1.0,1.0,1.0,144.0,3.0,3.0,0.0,0.0,360.0,1.0,1.0,0.0,0.0,0.49,0.018,384.0,0,0,1,0,0,0,0,0,0,0,1,0,0,0,1,0,0,1,1
A-2446e3,Company_241,2024-01-10,27,False,False,1,172,2.0,0.0,1.0,0.0,6696.0,5373.0,3348.0,0.5,161.0,0.0,2.0,27.0,5373.0,27.0,1323.0,0.0,4050.0,3.061,-1.0,0.0,73.0,9.0,9.0,533.5,5.0,0.111,9.67,39.0,485.0,0.5556,0.225,0.0,2.0,3.0,0.222,1.0,2.0,2.0,39.0,72.0,83.0,4.0,3.0,0.0,0.0,52.0,1.0,0.5,0.0,1.0,0.33,0.074,248.0,0,1,0,0,0,0,0,1,0,0,0,1,0,0,0,1,1,0,1
A-922109,Company_243,2024-01-26,3,False,False,1,156,3.0,0.0,0.0,0.0,3377.0,1862.0,1125.7,1.0,99.0,0.0,3.0,3.0,147.0,38.0,1862.0,-35.0,-1715.0,-0.921,0.0,0.0,85.0,17.0,14.0,855.3,8.0,0.118,9.47,6.0,499.0,0.4706,0.35,1.0,2.0,8.0,0.118,6.0,0.333,3.0,25.3,49.0,127.0,3.67,3.0,0.667,0.0,79.0,1.0,0.333,0.0,1.0,5.67,1.0,1125.7,0,0,0,0,0,0,0,0,0,1,0,0,0,0,0,1,0,1,0
A-bcf664,Company_248,2023-05-19,5,False,False,1,408,8.0,0.0,0.0,2.0,8956.0,2587.0,1119.5,1.0,380.0,1.0,7.0,13.0,2587.0,59.0,1121.0,-46.0,1466.0,1.308,0.0,0.125,87.0,22.0,17.0,1244.2,10.0,0.227,11.0,57.0,461.0,0.4545,0.425,0.0,1.0,5.0,0.045,4.0,0.25,3.0,35.3,69.0,156.3,4.0,3.0,0.333,1.0,195.0,3.0,1.0,0.333,0.0,4.4,0.6,1791.2,1,0,0,0,0,0,0,0,0,1,0,0,1,0,0,1,1,0,1
A-7c4956,Company_254,2023-05-06,5,False,True,0,421,6.0,0.0,0.0,2.0,1702.0,995.0,283.7,0.667,391.0,2.0,4.0,5.0,995.0,9.0,441.0,-4.0,554.0,1.256,0.0,0.333,185.0,22.0,16.0,932.9,21.0,0.045,10.64,23.0,506.0,0.9545,0.4,1.0,4.0,7.0,0.182,3.0,1.333,1.0,11.0,11.0,102.0,4.0,4.0,0.0,0.0,20.0,1.0,1.0,0.0,1.0,4.4,0.2,340.4,1,0,0,0,0,0,0,0,0,1,0,0,0,0,1,0,1,0,1
A-3ce5b8,Company_256,2023-09-07,8,False,True,1,297,6.0,0.0,0.0,0.0,16498.0,9261.0,2749.7,1.0,198.0,0.0,6.0,8.0,1592.0,189.0,9261.0,-181.0,-7669.0,-0.828,0.0,0.0,25.0,21.0,19.0,1149.0,7.0,0.095,11.48,2.0,526.0,0.3333,0.475,1.0,3.0,6.0,0.143,3.0,1.0,7.0,38.1,50.0,108.3,4.0,3.0,0.429,0.0,29.0,4.0,0.571,0.0,2.0,2.62,0.875,2062.2,0,0,1,0,0,0,0,1,0,0,0,0,0,0,0,0,1,0,0
A-474ad4,Company_261,2023-11-28,8,False,False,0,215,8.0,1.0,1.0,1.0,4532.0,2597.0,566.5,0.75,209.0,0.0,8.0,8.0,152.0,10.0,190.0,-2.0,-38.0,-0.2,0.0,0.0,73.0,18.0,15.0,966.6,18.0,0.0,10.17,44.0,491.0,1.0,0.375,0.0,5.0,7.0,0.278,2.0,2.5,3.0,33.0,48.0,50.7,4.33,4.0,0.667,1.0,58.0,1.0,0.333,0.333,1.0,2.25,0.375,566.5,0,1,0,0,0,0,0,0,0,1,0,1,0,0,0,0,0,0,0
A-fd9422,Company_263,2024-04-04,58,False,False,0,87,2.0,1.0,0.0,1.0,11542.0,11542.0,5771.0,1.0,53.0,0.0,2.0,58.0,11542.0,58.0,0.0,0.0,11542.0,0.0,1.0,0.0,52.0,1.0,1.0,16.4,0.0,0.0,9.0,88.0,0.0,0.0,0.025,0.0,1.0,1.0,1.0,0.0,0.0,5.0,42.8,70.0,124.4,3.4,3.0,0.0,1.0,92.0,2.0,0.4,0.2,0.0,0.02,0.086,199.0,0,0,0,0,0,0,0,0,0,1,0,1,0,0,0,1,1,0,0
A-0baac2,Company_264,2024-05-30,14,False,True,1,31,1.0,0.0,0.0,0.0,5771.0,5771.0,5771.0,1.0,28.0,0.0,1.0,29.0,5771.0,29.0,5771.0,0.0,0.0,0.0,0.0,0.0,28.0,2.0,2.0,59.7,2.0,0.0,7.5,101.0,381.0,1.0,0.05,0.0,0.0,1.0,0.0,1.0,0.0,3.0,41.3,59.0,70.7,3.67,3.0,0.667,0.0,25.0,2.0,0.667,0.0,1.0,0.14,0.214,412.2,0,0,1,0,0,1,0,0,0,0,0,1,0,0,1,0,1,0,0
A-560d27,Company_266,2024-05-05,23,False,False,0,56,2.0,0.0,0.0,0.0,15256.0,14129.0,7628.0,0.5,30.0,0.0,2.0,23.0,1127.0,71.0,14129.0,-48.0,-13002.0,-0.92,0.0,0.0,29.0,8.0,7.0,408.2,5.0,0.0,9.5,73.0,452.0,0.625,0.175,0.0,1.0,4.0,0.125,3.0,0.333,4.0,30.8,67.0,59.8,3.75,3.0,0.25,0.0,123.0,0.0,0.0,0.0,0.0,0.35,0.174,663.3,1,0,0,0,0,0,0,0,0,1,0,1,0,0,0,1,0,1,0
A-cea1f0,Company_273,2024-04-07,8,False,True,0,84,3.0,0.0,1.0,1.0,1045.0,570.0,348.3,0.333,29.0,0.0,3.0,30.0,570.0,25.0,475.0,5.0,95.0,0.2,-1.0,0.0,6.0,9.0,8.0,427.9,9.0,0.111,9.78,5.0,470.0,1.0,0.2,1.0,1.0,3.0,0.111,2.0,0.5,3.0,44.7,57.0,68.0,4.0,4.0,0.667,0.0,50.0,1.0,0.333,0.0,1.0,1.12,0.375,130.6,0,0,1,0,0,0,0,0,0,1,1,0,0,0,0,1,0,0,1
A-ef84cf,Company_274,2024-03-01,8,False,False,1,121,3.0,0.0,0.0,1.0,6918.0,6766.0,2306.0,0.667,110.0,0.0,3.0,8.0,152.0,8.0,0.0,0.0,152.0,0.0,0.0,0.0,24.0,10.0,8.0,583.1,3.0,0.1,10.1,62.0,484.0,0.3,0.2,0.0,1.0,4.0,0.1,3.0,0.333,3.0,32.0,59.0,110.7,4.0,4.0,0.667,0.0,111.0,1.0,0.333,0.0,0.0,1.25,0.375,864.8,0,1,0,0,0,0,0,0,0,1,0,0,0,1,1,0,0,0,0
A-4e960a,Company_277,2024-01-17,12,True,True,0,165,7.0,0.0,0.0,2.0,19922.0,14129.0,2846.0,0.857,144.0,0.0,7.0,12.0,228.0,17.0,0.0,-5.0,228.0,0.0,0.0,0.0,26.0,24.0,18.0,1249.9,9.0,0.125,9.88,5.0,534.0,0.375,0.45,2.0,2.0,5.0,0.083,3.0,0.667,5.0,31.0,54.0,73.8,4.0,3.0,0.4,0.0,168.0,2.0,0.4,0.0,0.0,2.0,0.417,1660.2,0,0,1,0,0,0,0,0,0,1,0,0,1,0,1,0,0,0,0
A-1f7acb,Company_281,2023-08-06,64,True,False,0,329,4.0,1.0,1.0,1.0,15168.0,12736.0,3792.0,0.5,303.0,0.0,4.0,64.0,0.0,64.0,12736.0,0.0,-12736.0,-1.0,0.0,0.0,27.0,18.0,12.0,959.3,8.0,0.167,10.17,6.0,515.0,0.4444,0.3,3.0,6.0,8.0,0.333,2.0,3.0,6.0,39.2,70.0,121.5,4.33,3.0,0.167,0.0,3.0,3.0,0.5,0.0,2.0,0.28,0.094,237.0,0,0,1,0,0,0,0,0,1,0,0,0,0,0,0,0,0,0,0
A-f51f16,Company_282,2023-12-25,1,False,False,1,188,7.0,2.0,0.0,1.0,13272.0,7761.0,1896.0,0.857,133.0,0.0,7.0,39.0,7761.0,24.0,456.0,15.0,7305.0,16.02,2.0,0.0,55.0,26.0,19.0,1762.3,17.0,0.077,10.73,1.0,543.0,0.6538,0.475,2.0,4.0,9.0,0.154,5.0,0.8,3.0,19.7,35.0,64.0,3.33,3.0,0.333,0.0,380.0,2.0,0.667,0.0,0.0,26.0,3.0,13272.0,0,0,0,1,0,0,0,0,0,1,0,0,0,1,1,0,1,0,0
A-417d2f,Company_285,2023-07-04,4,True,False,0,362,8.0,1.0,0.0,0.0,18016.0,10149.0,2252.0,0.875,362.0,1.0,7.0,4.0,196.0,5.0,95.0,-1.0,101.0,1.063,1.0,0.125,7.0,35.0,23.0,1791.5,13.0,0.114,10.09,23.0,518.0,0.3714,0.575,1.0,4.0,10.0,0.114,6.0,0.667,4.0,33.8,52.0,84.0,4.25,4.0,0.25,0.0,150.0,3.0,0.75,0.0,0.0,8.75,1.0,4504.0,0,0,0,0,0,0,0,1,0,0,0,0,0,1,0,1,0,1,1
A-e98302,Company_286,2023-12-26,16,True,False,0,187,2.0,0.0,0.0,0.0,7648.0,6766.0,3824.0,1.0,161.0,0.0,2.0,34.0,6766.0,18.0,882.0,16.0,5884.0,6.671,0.0,0.0,150.0,7.0,6.0,387.3,5.0,0.143,9.86,49.0,459.0,0.7143,0.15,0.0,2.0,2.0,0.286,0.0,0.0,7.0,42.0,72.0,114.4,4.14,4.0,0.286,0.0,251.0,4.0,0.571,0.0,0.0,0.44,0.438,478.0,0,1,0,0,0,0,0,0,0,1,0,0,0,0,1,0,1,0,0
A-bcf87c,Company_288,2024-06-27,10,False,True,0,3,0.0,0.0,0.0,0.0,0.0,0.0,0.0,0.0,0.0,0.0,0.0,0.0,0.0,0.0,0.0,0.0,0.0,0.0,0.0,0.0,0.0,0.0,0.0,0.0,0.0,0.0,0.0,546.0,546.0,0.0,0.0,0.0,0.0,0.0,0.0,0.0,0.0,2.0,63.0,70.0,49.5,4.0,3.0,0.0,0.0,173.0,0.0,0.0,0.0,0.0,0.0,0.2,0.0,0,0,1,0,0,0,0,0,0,1,1,0,0,0,0,1,0,0,0
A-54ecc2,Company_289,2023-06-11,4,False,False,1,385,5.0,0.0,0.0,1.0,8431.0,5970.0,1686.2,0.8,319.0,0.0,5.0,30.0,5970.0,4.0,196.0,26.0,5774.0,29.459,0.0,0.0,62.0,23.0,17.0,1199.7,14.0,0.087,10.96,1.0,519.0,0.6087,0.425,1.0,2.0,7.0,0.087,5.0,0.4,4.0,32.5,70.0,85.0,4.25,4.0,0.75,0.0,338.0,2.0,0.5,0.0,0.0,5.75,1.0,2107.8,0,0,0,0,0,0,0,0,0,1,0,0,0,1,1,0,1,0,1
A-e7a1e2,Company_295,2024-06-23,3,False,False,1,7,0.0,0.0,0.0,0.0,0.0,0.0,0.0,0.0,0.0,0.0,0.0,0.0,0.0,0.0,0.0,0.0,0.0,0.0,0.0,0.0,0.0,0.0,0.0,0.0,0.0,0.0,0.0,546.0,546.0,0.0,0.0,0.0,0.0,0.0,0.0,0.0,0.0,1.0,45.0,45.0,37.0,4.0,4.0,0.0,0.0,91.0,0.0,0.0,0.0,0.0,0.0,0.333,0.0,0,0,0,0,0,0,0,0,0,1,1,0,0,0,1,0,0,0,0
A-4e631b,Company_298,2024-03-16,22,False,False,0,106,2.0,1.0,0.0,0.0,12338.0,7960.0,6169.0,0.5,104.0,0.0,2.0,22.0,4378.0,40.0,7960.0,-18.0,-3582.0,-0.45,1.0,0.0,48.0,4.0,4.0,111.2,2.0,0.0,10.0,12.0,160.0,0.5,0.1,2.0,2.0,4.0,0.5,2.0,1.0,1.0,29.0,29.0,86.0,4.0,4.0,1.0,0.0,300.0,1.0,1.0,0.0,0.0,0.18,0.045,560.8,0,0,1,0,0,0,0,0,0,1,0,0,1,0,1,0,1,0,0
A-7f6b86,Company_299,2023-08-24,45,True,True,1,311,5.0,3.0,0.0,1.0,6806.0,2891.0,1361.2,0.8,305.0,1.0,4.0,45.0,855.0,45.0,0.0,0.0,855.0,0.0,3.0,0.2,40.0,15.0,13.0,997.5,3.0,0.067,10.33,64.0,468.0,0.2,0.325,0.0,1.0,4.0,0.067,3.0,0.333,3.0,42.7,65.0,120.3,3.67,3.0,0.667,0.0,363.0,2.0,0.667,0.0,0.0,0.33,0.067,151.2,0,0,0,1,0,0,0,0,0,1,0,0,0,1,0,0,0,0,0
A-8adedc,Company_300,2024-02-11,4,True,True,0,140,10.0,0.0,0.0,2.0,21394.0,11343.0,2139.4,0.9,129.0,1.0,9.0,19.0,361.0,57.0,11343.0,-38.0,-10982.0,-0.968,0.0,0.1,22.0,31.0,24.0,1382.6,17.0,0.129,9.61,18.0,526.0,0.5484,0.6,2.0,5.0,12.0,0.161,7.0,0.714,3.0,59.7,66.0,69.3,4.0,4.0,0.667,0.0,330.0,1.0,0.333,0.0,0.0,7.75,0.75,5348.5,0,1,0,0,0,0,0,0,0,1,1,0,0,0,0,0,0,0,1
A-ffc04f,Company_307,2024-06-06,13,False,False,1,24,1.0,0.0,0.0,0.0,2587.0,2587.0,2587.0,1.0,22.0,0.0,1.0,13.0,2587.0,13.0,2587.0,0.0,0.0,0.0,0.0,0.0,22.0,6.0,5.0,249.0,4.0,0.167,10.33,20.0,513.0,0.6667,0.125,1.0,4.0,5.0,0.667,1.0,4.0,7.0,17.7,47.0,58.6,4.29,4.0,0.429,1.0,48.0,3.0,0.429,0.143,1.0,0.46,0.538,199.0,0,1,0,0,0,0,0,0,0,1,0,0,0,0,0,1,1,0,0
A-883b7d,Company_313,2024-03-28,17,False,False,0,94,6.0,0.0,0.0,1.0,11003.0,4975.0,1833.8,0.667,70.0,0.0,6.0,25.0,4975.0,17.0,833.0,8.0,4142.0,4.972,0.0,0.0,32.0,22.0,19.0,944.2,15.0,0.182,9.77,36.0,493.0,0.6818,0.475,0.0,4.0,6.0,0.182,2.0,2.0,5.0,23.0,43.0,70.2,4.0,3.0,0.4,1.0,37.0,4.0,0.8,0.2,1.0,1.29,0.294,647.2,0,0,0,0,0,0,0,1,0,0,0,0,1,0,0,0,1,0,1
A-dcc3f1,Company_314,2023-12-27,21,False,False,1,186,4.0,0.0,0.0,1.0,3392.0,2499.0,848.0,1.0,186.0,0.0,4.0,26.0,494.0,21.0,399.0,5.0,95.0,0.238,0.0,0.0,32.0,20.0,17.0,1132.3,7.0,0.1,10.25,5.0,531.0,0.35,0.425,1.0,3.0,3.0,0.15,0.0,0.0,5.0,39.2,59.0,77.8,4.0,3.0,0.2,0.0,60.0,2.0,0.4,0.0,1.0,0.95,0.238,161.5,0,0,0,1,0,0,0,0,0,1,1,0,0,0,0,1,0,0,0
A-c62e55,Company_315,2023-02-08,1,True,False,0,508,7.0,1.0,0.0,0.0,9746.0,2985.0,1392.3,0.714,228.0,0.0,7.0,15.0,2985.0,34.0,1666.0,-19.0,1319.0,0.792,1.0,0.0,56.0,21.0,18.0,934.1,9.0,0.238,10.24,43.0,468.0,0.4286,0.45,0.0,1.0,7.0,0.048,6.0,0.167,4.0,27.5,59.0,101.2,4.0,3.0,0.25,0.0,101.0,2.0,0.5,0.0,0.0,21.0,4.0,9746.0,0,1,0,0,0,0,0,0,0,1,0,0,0,1,0,0,1,0,1
A-e40f45,Company_317,2024-04-18,21,False,False,1,73,4.0,1.0,0.0,0.0,7247.0,4179.0,1811.8,1.0,46.0,0.0,4.0,21.0,399.0,44.0,2156.0,-23.0,-1757.0,-0.815,1.0,0.0,26.0,18.0,17.0,861.2,12.0,0.111,9.89,1.0,540.0,0.6667,0.425,1.0,5.0,7.0,0.278,2.0,2.5,6.0,23.0,48.0,86.8,4.17,3.0,0.5,0.0,125.0,4.0,0.667,0.0,0.0,0.86,0.286,345.1,0,0,0,1,0,0,0,0,0,1,0,1,0,0,0,1,0,0,1
A-2b9d3e,Company_319,2023-06-04,1,False,False,0,392,5.0,1.0,0.0,1.0,2105.0,995.0,421.0,0.8,298.0,0.0,5.0,1.0,19.0,11.0,209.0,-10.0,-190.0,-0.909,1.0,0.0,63.0,16.0,13.0,647.6,6.0,0.25,8.44,83.0,457.0,0.375,0.325,0.0,1.0,4.0,0.062,3.0,0.333,3.0,34.7,43.0,79.3,4.33,4.0,0.667,0.0,6.0,2.0,0.667,0.0,1.0,16.0,3.0,2105.0,0,1,0,0,0,0,0,0,0,1,0,0,0,1,1,0,0,0,0
A-df1e44,Company_323,2024-02-23,12,False,False,1,128,6.0,1.0,0.0,2.0,4491.0,3087.0,748.5,0.667,114.0,0.0,6.0,12.0,228.0,39.0,0.0,-27.0,228.0,0.0,1.0,0.0,2.0,11.0,10.0,610.9,4.0,0.091,10.27,10.0,508.0,0.3636,0.25,2.0,3.0,3.0,0.273,0.0,0.0,1.0,38.0,38.0,91.0,5.0,5.0,0.0,0.0,415.0,0.0,0.0,0.0,0.0,0.92,0.083,374.2,0,0,0,0,0,0,0,0,1,0,0,1,0,0,1,0,0,0,0
A-600734,Company_327,2023-11-14,29,True,True,0,229,8.0,2.0,0.0,0.0,13598.0,5771.0,1699.8,0.75,169.0,1.0,7.0,39.0,1911.0,29.0,1421.0,10.0,490.0,0.345,2.0,0.125,22.0,32.0,21.0,1497.1,18.0,0.188,10.16,3.0,543.0,0.5625,0.525,2.0,4.0,9.0,0.125,5.0,0.8,6.0,50.5,71.0,89.7,3.83,3.0,0.5,1.0,107.0,5.0,0.833,0.167,0.0,1.1,0.207,468.9,1,0,0,0,0,0,0,0,0,1,0,1,0,0,0,1,0,1,0
A-712f1c,Company_331,2023-12-16,17,False,True,1,197,9.0,2.0,0.0,1.0,33970.0,14925.0,3774.4,0.778,179.0,0.0,9.0,38.0,1862.0,24.0,456.0,14.0,1406.0,3.083,2.0,0.0,46.0,42.0,25.0,2000.1,25.0,0.095,9.17,61.0,484.0,0.5952,0.625,0.0,5.0,10.0,0.119,5.0,1.0,5.0,39.8,56.0,97.4,4.0,3.0,0.2,0.0,124.0,2.0,0.4,0.0,0.0,2.47,0.294,1998.2,1,0,0,0,0,0,0,0,0,1,0,0,0,0,0,0,0,1,0
A-c9bb3e,Company_336,2024-03-24,5,False,False,1,98,4.0,0.0,0.0,0.0,8272.0,6027.0,2068.0,1.0,90.0,1.0,3.0,5.0,245.0,35.0,1715.0,-30.0,-1470.0,-0.857,0.0,0.25,22.0,18.0,13.0,1245.4,9.0,0.0,10.56,27.0,498.0,0.5,0.325,1.0,3.0,5.0,0.167,2.0,1.5,5.0,34.8,69.0,101.8,4.2,4.0,0.2,1.0,204.0,4.0,0.8,0.2,0.0,3.6,1.0,1654.4,0,1,0,0,0,0,0,0,0,1,0,0,0,0,0,1,0,1,1
A-bc4d48,Company_343,2024-06-12,35,True,False,0,18,2.0,0.0,0.0,1.0,665.0,665.0,332.5,0.5,4.0,0.0,2.0,35.0,0.0,35.0,665.0,0.0,-665.0,-1.0,0.0,0.0,1.0,6.0,6.0,240.7,3.0,0.0,9.5,58.0,465.0,0.5,0.15,0.0,1.0,2.0,0.167,1.0,1.0,3.0,39.3,63.0,88.7,3.33,3.0,0.333,0.0,160.0,3.0,1.0,0.0,0.0,0.17,0.086,19.0,0,1,0,0,0,0,0,0,0,1,0,0,0,0,0,1,0,1,1
A-b30291,Company_344,2024-04-05,5,True,True,1,86,5.0,0.0,0.0,0.0,4351.0,3184.0,870.2,1.0,82.0,0.0,5.0,18.0,882.0,5.0,95.0,13.0,787.0,8.284,0.0,0.0,18.0,12.0,12.0,745.5,10.0,0.167,10.58,106.0,435.0,0.8333,0.3,0.0,0.0,4.0,0.0,4.0,0.0,1.0,16.0,16.0,1.0,4.0,4.0,1.0,0.0,412.0,1.0,1.0,0.0,0.0,2.4,0.2,870.2,0,0,0,1,0,0,0,0,0,1,1,0,0,0,0,0,0,1,1
A-e6afc1,Company_346,2023-02-24,1,False,False,0,492,7.0,0.0,0.0,1.0,15135.0,10149.0,2162.1,0.857,403.0,0.0,7.0,1.0,49.0,51.0,10149.0,-50.0,-10100.0,-0.995,0.0,0.0,53.0,34.0,27.0,1661.0,15.0,0.088,9.5,22.0,522.0,0.4412,0.675,1.0,2.0,8.0,0.059,6.0,0.333,0.0,0.0,0.0,0.0,0.0,0.0,0.0,0.0,546.0,0.0,0.0,0.0,0.0,34.0,0.0,15135.0,1,0,0,0,0,0,0,0,0,1,0,0,0,0,0,1,0,1,0
A-94c3cd,Company_351,2023-09-20,32,False,False,0,284,1.0,0.0,0.0,1.0,0.0,0.0,0.0,1.0,176.0,0.0,1.0,32.0,0.0,32.0,0.0,0.0,0.0,0.0,0.0,0.0,176.0,5.0,4.0,318.8,3.0,0.4,11.0,3.0,362.0,0.6,0.1,1.0,2.0,2.0,0.4,0.0,0.0,3.0,39.3,55.0,107.0,4.0,4.0,0.667,1.0,238.0,1.0,0.333,0.333,0.0,0.16,0.094,0.0,0,0,1,0,1,0,0,0,0,0,0,0,1,0,1,0,1,0,0
A-034368,Company_353,2023-11-05,19,False,False,1,238,2.0,0.0,0.0,1.0,494.0,494.0,247.0,1.0,199.0,0.0,2.0,26.0,494.0,19.0,0.0,7.0,494.0,0.0,0.0,0.0,9.0,6.0,5.0,198.6,2.0,0.0,9.33,209.0,321.0,0.3333,0.125,0.0,0.0,0.0,0.0,0.0,0.0,5.0,41.2,65.0,91.8,4.0,3.0,0.6,0.0,57.0,2.0,0.4,0.0,1.0,0.32,0.263,26.0,0,1,0,0,0,0,0,0,0,1,1,0,0,0,1,0,0,0,1
A-bb2f49,Company_356,2023-05-28,8,False,False,0,399,7.0,1.0,1.0,1.0,17615.0,9751.0,2516.4,1.0,367.0,0.0,7.0,35.0,1715.0,68.0,3332.0,-33.0,-1617.0,-0.485,0.0,0.0,15.0,35.0,22.0,1802.4,22.0,0.029,9.77,4.0,538.0,0.6286,0.55,2.0,6.0,18.0,0.171,12.0,0.5,3.0,22.3,35.0,102.3,4.0,4.0,0.333,0.0,93.0,2.0,0.667,0.0,0.0,4.38,0.375,2201.9,0,0,0,0,0,0,0,0,0,1,0,0,1,0,0,1,0,1,0
A-1f559b,Company_357,2023-09-04,5,True,True,1,300,7.0,0.0,1.0,0.0,10551.0,5174.0,1507.3,0.571,201.0,1.0,6.0,12.0,588.0,16.0,304.0,-4.0,284.0,0.934,-1.0,0.143,3.0,21.0,19.0,914.6,15.0,0.095,9.33,69.0,469.0,0.7143,0.475,0.0,1.0,3.0,0.048,2.0,0.5,4.0,52.5,68.0,109.8,4.0,4.0,0.0,0.0,160.0,3.0,0.75,0.0,0.0,4.2,0.8,2110.2,0,0,0,1,0,0,0,0,0,1,0,1,0,0,1,0,0,1,0
A-5a215a,Company_358,2024-01-05,87,False,False,0,177,8.0,1.0,0.0,3.0,57855.0,17313.0,7231.9,0.75,151.0,0.0,8.0,87.0,0.0,87.0,1653.0,0.0,-1653.0,-1.0,1.0,0.0,10.0,33.0,22.0,1484.6,27.0,0.03,9.94,1.0,537.0,0.8182,0.55,4.0,7.0,9.0,0.212,2.0,3.5,2.0,41.0,64.0,11.0,3.5,3.0,0.5,0.0,20.0,1.0,0.5,0.0,1.0,0.38,0.023,665.0,0,1,0,0,0,0,1,0,0,0,0,0,1,0,1,0,0,1,0
A-3f9cc0,Company_359,2024-06-03,22,False,False,1,27,3.0,1.0,1.0,0.0,9174.0,4378.0,3058.0,0.667,7.0,0.0,3.0,22.0,418.0,22.0,4378.0,0.0,-3960.0,-0.905,0.0,0.0,5.0,11.0,10.0,575.2,2.0,0.0,9.55,36.0,503.0,0.1818,0.25,0.0,1.0,4.0,0.091,3.0,0.333,3.0,23.3,56.0,132.0,4.33,4.0,0.333,1.0,60.0,2.0,0.667,0.333,1.0,0.5,0.136,417.0,0,0,0,1,0,0,0,0,0,1,1,0,0,0,0,0,0,0,0
A-a7bd4b,Company_363,2023-02-15,5,False,False,1,501,9.0,2.0,0.0,2.0,5755.0,2499.0,639.4,0.778,469.0,0.0,9.0,5.0,995.0,8.0,392.0,-3.0,603.0,1.538,2.0,0.0,28.0,31.0,25.0,1600.2,26.0,0.065,10.42,24.0,493.0,0.8387,0.625,1.0,2.0,7.0,0.065,5.0,0.4,5.0,36.2,64.0,92.0,3.6,3.0,0.4,0.0,23.0,4.0,0.8,0.0,1.0,6.2,1.0,1151.0,0,0,0,0,0,0,0,0,0,1,0,0,0,0,1,0,1,0,0
A-d4ac0e,Company_364,2024-04-20,18,False,False,0,71,4.0,0.0,0.0,1.0,2449.0,1225.0,612.2,0.75,51.0,0.0,4.0,25.0,1225.0,156.0,0.0,-131.0,1225.0,0.0,0.0,0.0,29.0,14.0,13.0,594.0,13.0,0.143,8.57,26.0,353.0,0.9286,0.325,1.0,2.0,6.0,0.143,4.0,0.5,2.0,25.0,28.0,46.5,4.0,4.0,0.5,0.0,2.0,2.0,1.0,0.0,1.0,0.78,0.111,136.1,1,0,0,0,0,0,0,0,1,0,0,0,0,0,0,0,0,1,1
A-ffdfd5,Company_365,2024-04-13,3,False,True,1,78,2.0,0.0,0.0,0.0,938.0,539.0,469.0,1.0,67.0,0.0,2.0,21.0,399.0,11.0,539.0,10.0,-140.0,-0.26,0.0,0.0,19.0,8.0,8.0,425.9,4.0,0.125,10.38,3.0,505.0,0.5,0.2,2.0,4.0,5.0,0.5,1.0,4.0,0.0,0.0,0.0,0.0,0.0,0.0,0.0,0.0,546.0,0.0,0.0,0.0,0.0,2.67,0.0,312.7,0,1,0,0,0,0,0,0,0,1,0,1,0,0,0,0,0,0,0
A-1f0636,Company_368,2024-01-01,105,False,False,0,181,7.0,3.0,0.0,3.0,67830.0,20895.0,9690.0,0.857,124.0,0.0,7.0,105.0,20895.0,105.0,0.0,0.0,20895.0,0.0,3.0,0.0,3.0,30.0,21.0,1612.2,12.0,0.067,9.63,52.0,489.0,0.4,0.525,0.0,4.0,10.0,0.133,6.0,0.667,1.0,60.0,60.0,82.0,4.0,4.0,0.0,0.0,64.0,1.0,1.0,0.0,1.0,0.29,0.01,646.0,0,1,0,0,0,0,0,0,0,0,0,0,0,1,0,1,1,0,1
A-40de06,Company_369,2023-05-08,28,False,True,0,419,10.0,0.0,0.0,1.0,19714.0,5572.0,1971.4,0.7,393.0,0.0,10.0,28.0,0.0,28.0,5572.0,0.0,-5572.0,-1.0,0.0,0.0,28.0,37.0,25.0,2322.2,25.0,0.108,10.54,6.0,495.0,0.6757,0.625,2.0,6.0,12.0,0.162,6.0,1.0,3.0,40.3,55.0,67.7,4.0,4.0,0.667,0.0,133.0,1.0,0.333,0.0,0.0,1.32,0.107,704.1,0,0,0,0,0,0,0,0,0,1,1,0,0,0,1,0,1,0,0
A-cb5333,Company_370,2024-03-26,33,False,False,1,96,7.0,0.0,1.0,3.0,9647.0,6567.0,1378.1,0.714,90.0,1.0,6.0,33.0,0.0,33.0,6567.0,0.0,-6567.0,-1.0,-1.0,0.143,5.0,28.0,21.0,1779.1,9.0,0.107,9.86,16.0,522.0,0.3214,0.525,3.0,5.0,8.0,0.179,3.0,1.667,4.0,30.8,65.0,85.8,3.75,3.0,0.75,0.0,218.0,2.0,0.5,0.0,0.0,0.85,0.121,292.3,1,0,0,0,0,0,0,0,0,1,0,0,0,0,0,1,0,0,1
A-5247b3,Company_375,2024-03-12,16,True,False,1,110,6.0,1.0,0.0,2.0,7299.0,3184.0,1216.5,0.833,99.0,0.0,6.0,16.0,304.0,16.0,3184.0,0.0,-2880.0,-0.905,1.0,0.0,11.0,28.0,21.0,1309.6,19.0,0.179,9.71,6.0,533.0,0.6786,0.525,1.0,1.0,6.0,0.036,5.0,0.2,3.0,36.0,52.0,100.3,3.67,3.0,0.667,0.0,168.0,3.0,1.0,0.0,0.0,1.75,0.188,456.2,0,0,1,0,0,0,0,0,1,0,0,0,0,1,0,1,0,0,1
A-54d94a,Company_385,2023-05-01,27,False,False,0,426,5.0,1.0,1.0,1.0,6239.0,2548.0,1247.8,0.8,214.0,1.0,4.0,27.0,1323.0,52.0,0.0,-25.0,1323.0,0.0,0.0,0.2,127.0,19.0,13.0,985.7,9.0,0.211,9.63,5.0,521.0,0.4737,0.325,2.0,4.0,7.0,0.211,3.0,1.333,2.0,44.5,71.0,98.0,4.0,4.0,0.5,0.0,45.0,0.0,0.0,0.0,1.0,0.7,0.074,231.1,0,0,0,0,0,0,0,1,0,0,1,0,0,0,0,0,0,1,1
A-855a48,Company_389,2023-12-22,14,True,False,1,191,7.0,0.0,1.0,0.0,18436.0,7960.0,2633.7,0.286,152.0,0.0,7.0,14.0,266.0,40.0,7960.0,-26.0,-7694.0,-0.967,-1.0,0.0,24.0,31.0,20.0,1779.3,16.0,0.161,10.32,34.0,510.0,0.5161,0.5,0.0,2.0,6.0,0.065,4.0,0.5,3.0,31.7,48.0,112.3,4.0,4.0,0.333,0.0,240.0,3.0,1.0,0.0,0.0,2.21,0.214,1316.9,0,1,0,0,0,0,0,0,0,1,0,0,0,1,0,1,0,0,1
A-756192,Company_390,2023-06-11,19,False,False,0,385,4.0,1.0,0.0,1.0,13667.0,7761.0,3416.8,0.75,287.0,0.0,4.0,25.0,4975.0,19.0,0.0,6.0,4975.0,0.0,1.0,0.0,2.0,18.0,17.0,815.4,15.0,0.056,9.28,8.0,535.0,0.8333,0.425,1.0,2.0,7.0,0.111,5.0,0.4,3.0,37.3,59.0,102.3,4.0,3.0,0.333,0.0,14.0,2.0,0.667,0.0,1.0,0.95,0.158,719.3,0,0,1,0,0,0,0,1,0,0,0,0,1,0,0,0,1,0,1
A-49b828,Company_391,2023-05-05,6,False,False,0,422,9.0,2.0,0.0,1.0,24511.0,9751.0,2723.4,1.0,416.0,0.0,9.0,25.0,1225.0,6.0,294.0,19.0,931.0,3.167,2.0,0.0,73.0,37.0,22.0,1773.7,25.0,0.135,10.16,13.0,530.0,0.6757,0.55,2.0,9.0,12.0,0.243,3.0,3.0,2.0,16.0,26.0,121.5,4.0,4.0,0.5,0.0,239.0,0.0,0.0,0.0,0.0,6.17,0.333,4085.2,0,0,1,0,0,0,0,1,0,0,0,0,0,0,0,1,0,1,1
A-69b156,Company_396,2023-11-21,7,False,True,0,222,4.0,0.0,0.0,0.0,9895.0,5572.0,2473.8,0.75,186.0,0.0,4.0,13.0,2587.0,7.0,1393.0,6.0,1194.0,0.857,0.0,0.0,14.0,17.0,15.0,821.0,8.0,0.059,9.06,55.0,461.0,0.4706,0.375,0.0,3.0,8.0,0.176,5.0,0.6,4.0,32.2,48.0,56.5,4.0,4.0,0.75,0.0,18.0,3.0,0.75,0.0,1.0,2.43,0.571,1413.6,0,1,0,0,0,0,0,0,0,1,0,0,1,0,0,1,1,0,1
A-075038,Company_397,2023-05-12,17,False,False,1,415,9.0,1.0,0.0,2.0,10512.0,5047.0,1168.0,0.778,352.0,0.0,9.0,37.0,703.0,103.0,5047.0,-66.0,-4344.0,-0.861,1.0,0.0,53.0,25.0,17.0,1348.6,11.0,0.08,10.76,4.0,534.0,0.44,0.425,2.0,4.0,11.0,0.16,7.0,0.571,1.0,50.0,50.0,104.0,3.0,3.0,0.0,0.0,470.0,1.0,1.0,0.0,0.0,1.47,0.059,618.4,0,0,0,1,0,0,0,0,1,0,0,0,0,0,0,0,0,0,0
A-940b8b,Company_398,2024-03-19,1,False,False,0,103,5.0,1.0,1.0,1.0,8807.0,6368.0,1761.4,0.6,90.0,0.0,5.0,1.0,199.0,32.0,6368.0,-31.0,-6169.0,-0.969,0.0,0.0,4.0,16.0,13.0,1058.3,9.0,0.125,10.62,95.0,432.0,0.5625,0.325,0.0,0.0,5.0,0.0,5.0,0.0,2.0,38.5,62.0,110.5,4.0,3.0,0.0,0.0,287.0,1.0,0.5,0.0,0.0,16.0,2.0,8807.0,0,0,0,1,0,1,0,0,0,0,0,1,0,0,0,0,1,0,0
A-2d1036,Company_399,2024-06-14,69,False,True,1,16,0.0,0.0,0.0,0.0,0.0,0.0,0.0,0.0,0.0,0.0,0.0,0.0,0.0,0.0,0.0,0.0,0.0,0.0,0.0,0.0,0.0,0.0,0.0,0.0,0.0,0.0,0.0,546.0,546.0,0.0,0.0,0.0,0.0,0.0,0.0,0.0,0.0,3.0,54.0,64.0,21.3,4.33,4.0,0.0,0.0,13.0,1.0,0.333,0.0,1.0,0.0,0.043,0.0,0,0,1,0,0,0,0,0,0,1,0,0,0,0,0,1,0,0,0
A-c7e58b,Company_404,2023-06-25,3,False,False,0,371,3.0,0.0,0.0,0.0,3440.0,1990.0,1146.7,0.667,305.0,0.0,3.0,10.0,1990.0,3.0,57.0,7.0,1933.0,33.912,0.0,0.0,87.0,9.0,8.0,418.2,2.0,0.0,9.78,5.0,466.0,0.2222,0.2,1.0,1.0,1.0,0.111,0.0,0.0,2.0,39.0,65.0,117.5,3.5,3.0,0.0,0.0,157.0,0.0,0.0,0.0,0.0,3.0,0.667,1146.7,0,0,0,1,0,0,0,1,0,0,0,0,1,0,0,1,1,0,1
A-bbe56f,Company_406,2023-02-16,21,False,False,0,500,4.0,1.0,0.0,1.0,5607.0,4179.0,1401.8,1.0,306.0,0.0,4.0,21.0,1029.0,21.0,4179.0,0.0,-3150.0,-0.754,1.0,0.0,75.0,12.0,8.0,677.0,1.0,0.25,11.08,84.0,444.0,0.0833,0.2,0.0,1.0,2.0,0.083,1.0,1.0,1.0,48.0,48.0,107.0,5.0,5.0,0.0,0.0,2.0,0.0,0.0,0.0,1.0,0.57,0.048,267.0,0,0,0,1,0,0,0,0,0,1,0,0,0,0,1,0,0,1,0
A-7c5768,Company_407,2024-03-02,3,False,False,0,120,2.0,0.0,0.0,0.0,1147.0,995.0,573.5,0.5,117.0,0.0,2.0,8.0,152.0,5.0,995.0,3.0,-843.0,-0.847,0.0,0.0,56.0,7.0,6.0,270.3,5.0,0.143,9.14,50.0,423.0,0.7143,0.15,0.0,1.0,4.0,0.143,3.0,0.333,2.0,35.0,62.0,115.5,4.5,4.0,0.5,0.0,80.0,2.0,1.0,0.0,1.0,2.33,0.667,382.3,0,0,0,1,0,0,0,0,1,0,1,0,0,0,1,0,0,0,1
A-7920cc,Company_412,2023-11-23,39,False,False,0,220,9.0,1.0,0.0,2.0,23382.0,10746.0,2598.0,1.0,216.0,0.0,9.0,39.0,1911.0,39.0,741.0,0.0,1170.0,1.579,1.0,0.0,12.0,23.0,19.0,1278.6,11.0,0.087,9.26,42.0,456.0,0.4783,0.475,0.0,1.0,3.0,0.043,2.0,0.5,5.0,38.2,63.0,132.6,4.2,3.0,0.4,0.0,107.0,1.0,0.2,0.0,0.0,0.59,0.128,599.5,0,0,0,0,0,0,1,0,0,0,0,0,0,0,0,1,0,1,0
A-fdfc91,Company_414,2023-05-06,29,False,False,0,421,6.0,1.0,0.0,1.0,4495.0,1421.0,749.2,1.0,336.0,0.0,6.0,29.0,1421.0,29.0,551.0,0.0,870.0,1.579,1.0,0.0,52.0,33.0,23.0,1494.9,26.0,0.0,9.85,30.0,505.0,0.7879,0.575,1.0,7.0,10.0,0.212,3.0,2.333,4.0,30.2,53.0,121.2,4.0,4.0,0.5,0.0,145.0,4.0,1.0,0.0,0.0,1.14,0.138,155.0,0,0,0,0,0,0,0,0,0,1,0,0,0,0,0,0,0,1,1
A-659280,Company_417,2023-11-17,13,True,True,1,226,8.0,1.0,0.0,0.0,20880.0,6169.0,2610.0,0.25,218.0,0.0,8.0,24.0,4776.0,13.0,2587.0,11.0,2189.0,0.846,1.0,0.0,25.0,34.0,19.0,1658.2,20.0,0.088,9.79,17.0,476.0,0.5882,0.475,1.0,10.0,14.0,0.294,4.0,2.5,3.0,3.3,6.0,148.3,4.0,4.0,0.333,0.0,18.0,0.0,0.0,0.0,1.0,2.62,0.231,1606.2,0,0,1,0,0,0,0,1,0,0,1,0,0,0,1,0,1,0,1
A-f6b2fb,Company_418,2024-04-23,23,False,False,1,68,3.0,0.0,1.0,1.0,5704.0,4577.0,1901.3,0.667,38.0,0.0,3.0,23.0,4577.0,23.0,1127.0,0.0,3450.0,3.061,-1.0,0.0,10.0,11.0,10.0,691.2,10.0,0.091,9.09,100.0,422.0,0.9091,0.25,0.0,0.0,3.0,0.0,3.0,0.0,5.0,55.0,72.0,88.6,4.0,3.0,0.4,1.0,163.0,2.0,0.4,0.2,0.0,0.48,0.217,248.0,1,0,0,0,0,0,0,0,0,0,1,0,0,0,0,0,1,0,0
A-cb6cc6,Company_419,2023-04-03,13,True,False,0,454,5.0,1.0,0.0,2.0,1150.0,637.0,230.0,0.4,437.0,0.0,5.0,13.0,0.0,13.0,0.0,0.0,0.0,0.0,1.0,0.0,36.0,18.0,13.0,1010.4,17.0,0.0,9.22,10.0,533.0,0.9444,0.325,2.0,5.0,9.0,0.278,4.0,1.25,2.0,11.5,18.0,112.5,4.0,4.0,0.5,0.0,4.0,1.0,0.5,0.0,1.0,1.38,0.154,88.5,1,0,0,0,0,0,0,0,0,1,0,0,0,0,0,0,1,0,0
A-3cc791,Company_423,2024-01-10,6,False,False,1,172,6.0,0.0,0.0,2.0,6464.0,4378.0,1077.3,0.667,151.0,0.0,6.0,22.0,4378.0,25.0,0.0,-3.0,4378.0,0.0,0.0,0.0,29.0,30.0,21.0,1699.2,23.0,0.133,9.47,7.0,509.0,0.7667,0.525,2.0,5.0,13.0,0.167,8.0,0.625,3.0,52.7,71.0,88.0,4.67,4.0,0.0,1.0,14.0,1.0,0.333,0.333,1.0,5.0,0.5,1077.3,0,1,0,0,0,0,0,0,0,1,0,0,1,0,1,0,1,0,1
A-58b9ff,Company_425,2024-05-31,2,False,False,1,30,2.0,0.0,0.0,1.0,294.0,294.0,147.0,0.0,13.0,0.0,2.0,6.0,294.0,25.0,0.0,-19.0,294.0,0.0,0.0,0.0,4.0,3.0,3.0,163.0,0.0,0.333,11.0,135.0,263.0,0.0,0.075,0.0,0.0,1.0,0.0,1.0,0.0,2.0,66.0,67.0,79.0,4.0,4.0,0.5,1.0,213.0,0.0,0.0,0.5,0.0,1.5,1.0,147.0,1,0,0,0,0,0,0,1,0,0,0,0,0,1,1,0,0,1,0
A-0f3e88,Company_428,2023-07-23,7,False,True,1,343,7.0,1.0,0.0,0.0,4749.0,2189.0,678.4,0.857,330.0,0.0,7.0,17.0,323.0,7.0,133.0,10.0,190.0,1.429,1.0,0.0,12.0,25.0,19.0,1208.7,7.0,0.12,10.12,15.0,518.0,0.28,0.475,2.0,4.0,9.0,0.16,5.0,0.8,1.0,60.0,60.0,104.0,5.0,5.0,0.0,0.0,219.0,0.0,0.0,0.0,0.0,3.57,0.143,678.4,0,0,0,1,0,0,0,0,0,1,0,0,1,0,0,0,0,0,1
A-cd458b,Company_430,2024-06-15,10,True,False,1,15,0.0,0.0,0.0,0.0,0.0,0.0,0.0,0.0,0.0,0.0,0.0,0.0,0.0,0.0,0.0,0.0,0.0,0.0,0.0,0.0,0.0,0.0,0.0,0.0,0.0,0.0,0.0,546.0,546.0,0.0,0.0,0.0,0.0,0.0,0.0,0.0,0.0,3.0,45.7,50.0,58.7,4.33,3.0,0.0,0.0,5.0,3.0,1.0,0.0,1.0,0.0,0.3,0.0,1,0,0,0,0,0,0,0,0,1,0,0,1,0,0,0,0,0,0
A-59f724,Company_432,2023-11-03,3,True,False,0,240,8.0,0.0,0.0,2.0,8492.0,4378.0,1061.5,0.875,181.0,0.0,8.0,36.0,684.0,18.0,882.0,18.0,-198.0,-0.224,0.0,0.0,3.0,35.0,22.0,1944.4,25.0,0.057,10.11,9.0,524.0,0.7143,0.55,2.0,6.0,10.0,0.171,4.0,1.5,2.0,11.0,19.0,92.0,4.0,4.0,0.0,0.0,9.0,2.0,1.0,0.0,1.0,11.67,0.667,2830.7,0,0,0,1,0,0,0,0,0,1,0,0,1,0,1,0,0,0,1
A-716841,Company_437,2024-05-06,45,False,False,1,55,3.0,0.0,0.0,1.0,5264.0,3059.0,1754.7,1.0,48.0,0.0,3.0,45.0,2205.0,161.0,3059.0,-116.0,-854.0,-0.279,0.0,0.0,34.0,8.0,8.0,604.2,5.0,0.0,10.38,1.0,545.0,0.625,0.2,1.0,1.0,2.0,0.125,1.0,1.0,5.0,29.8,64.0,112.8,4.0,3.0,0.4,0.0,66.0,0.0,0.0,0.0,1.0,0.18,0.111,117.0,0,0,1,0,0,0,0,0,0,1,0,0,1,0,0,1,0,1,1
A-558c72,Company_438,2023-06-01,12,False,False,1,395,6.0,1.0,0.0,0.0,8436.0,2985.0,1406.0,0.833,384.0,1.0,5.0,77.0,1463.0,16.0,784.0,61.0,679.0,0.866,1.0,0.167,5.0,19.0,14.0,1030.7,7.0,0.158,9.89,58.0,486.0,0.3684,0.35,0.0,1.0,3.0,0.053,2.0,0.5,3.0,65.7,71.0,95.7,4.33,4.0,0.333,1.0,58.0,2.0,0.667,0.333,1.0,1.58,0.25,703.0,0,0,1,0,0,0,0,0,0,1,0,1,0,0,0,0,0,0,1
A-b11cd0,Company_439,2023-01-20,26,True,True,0,527,5.0,0.0,0.0,2.0,3532.0,1764.0,706.4,1.0,500.0,1.0,4.0,36.0,1764.0,26.0,494.0,10.0,1270.0,2.571,0.0,0.2,134.0,20.0,16.0,775.2,14.0,0.05,9.4,49.0,487.0,0.7,0.4,0.0,3.0,7.0,0.15,4.0,0.75,3.0,29.3,45.0,140.7,4.33,4.0,0.667,0.0,151.0,0.0,0.0,0.0,0.0,0.77,0.115,135.8,1,0,0,0,0,0,0,0,0,1,0,0,0,0,0,1,0,1,1
A-dec005,Company_445,2023-10-13,21,False,False,1,261,4.0,0.0,0.0,2.0,10348.0,6169.0,2587.0,0.75,257.0,0.0,4.0,21.0,0.0,21.0,0.0,0.0,0.0,0.0,0.0,0.0,91.0,12.0,11.0,508.6,7.0,0.0,8.92,3.0,514.0,0.5833,0.275,1.0,2.0,7.0,0.167,5.0,0.4,2.0,59.0,66.0,152.0,3.5,3.0,0.5,0.0,272.0,1.0,0.5,0.0,0.0,0.57,0.095,492.8,0,0,0,1,0,0,0,0,0,1,0,0,0,1,0,1,0,1,1
A-297a2d,Company_448,2023-05-05,27,False,False,0,422,3.0,2.0,0.0,1.0,8487.0,7164.0,2829.0,0.667,320.0,0.0,3.0,27.0,1323.0,27.0,0.0,0.0,1323.0,0.0,2.0,0.0,118.0,14.0,13.0,702.0,7.0,0.286,9.0,19.0,512.0,0.5,0.325,1.0,1.0,5.0,0.071,4.0,0.25,2.0,32.5,55.0,84.5,3.5,3.0,0.5,0.0,47.0,2.0,1.0,0.0,1.0,0.52,0.074,314.3,0,0,0,1,0,0,0,0,1,0,1,0,0,0,0,1,0,1,0
A-cbbe12,Company_450,2023-03-22,40,False,False,0,466,5.0,1.0,1.0,2.0,5121.0,2401.0,1024.2,0.8,345.0,0.0,5.0,49.0,2401.0,40.0,0.0,9.0,2401.0,0.0,0.0,0.0,22.0,15.0,11.0,562.8,8.0,0.0,7.73,3.0,541.0,0.5333,0.275,3.0,4.0,5.0,0.267,1.0,4.0,4.0,44.8,68.0,88.5,4.0,3.0,0.25,0.0,101.0,3.0,0.75,0.0,0.0,0.38,0.1,128.0,0,0,0,0,0,1,0,0,0,0,0,0,0,1,1,0,0,1,1
A-054577,Company_455,2024-04-28,2,False,False,0,63,5.0,0.0,0.0,0.0,5105.0,1715.0,1021.0,1.0,58.0,0.0,5.0,35.0,1715.0,20.0,980.0,15.0,735.0,0.75,0.0,0.0,1.0,15.0,15.0,558.4,13.0,0.133,9.47,31.0,479.0,0.8667,0.375,0.0,3.0,4.0,0.2,1.0,3.0,1.0,46.0,46.0,70.0,4.0,4.0,0.0,0.0,303.0,1.0,1.0,0.0,0.0,7.5,0.5,2552.5,0,1,0,0,0,0,0,0,1,0,0,0,0,0,0,0,0,1,1
A-31ab9a,Company_460,2024-03-03,3,False,False,1,119,3.0,0.0,0.0,0.0,4459.0,3577.0,1486.3,1.0,99.0,0.0,3.0,73.0,3577.0,15.0,285.0,58.0,3292.0,11.551,0.0,0.0,68.0,9.0,6.0,427.4,4.0,0.222,9.56,27.0,450.0,0.4444,0.15,1.0,2.0,4.0,0.222,2.0,1.0,5.0,43.8,63.0,75.6,3.8,3.0,0.6,0.0,14.0,2.0,0.4,0.0,1.0,3.0,1.667,1486.3,0,0,1,0,0,1,0,0,0,0,0,1,0,0,0,1,0,1,1
A-0158bb,Company_461,2024-05-22,5,False,False,0,39,3.0,0.0,0.0,1.0,836.0,665.0,278.7,0.667,31.0,0.0,3.0,9.0,171.0,25.0,0.0,-16.0,171.0,0.0,0.0,0.0,1.0,13.0,9.0,900.7,10.0,0.077,10.69,160.0,376.0,0.7692,0.225,0.0,0.0,2.0,0.0,2.0,0.0,1.0,32.0,32.0,50.0,3.0,3.0,0.0,0.0,171.0,1.0,1.0,0.0,0.0,2.6,0.2,167.2,0,0,1,0,0,1,0,0,0,0,0,0,0,1,0,0,0,0,0
A-f19b24,Company_462,2023-01-10,29,True,False,0,537,1.0,0.0,0.0,0.0,1421.0,1421.0,1421.0,1.0,105.0,0.0,1.0,29.0,1421.0,29.0,1421.0,0.0,0.0,0.0,0.0,0.0,105.0,2.0,2.0,156.6,3.0,0.0,10.5,196.0,211.0,1.5,0.05,0.0,0.0,0.0,0.0,0.0,0.0,2.0,35.5,58.0,74.0,4.0,4.0,0.5,1.0,160.0,1.0,0.5,0.5,0.0,0.07,0.069,49.0,0,0,0,0,0,0,0,0,0,1,0,1,0,0,0,1,0,1,1
A-798a3f,Company_463,2023-10-19,12,False,True,1,255,5.0,1.0,0.0,1.0,6163.0,2388.0,1232.6,0.8,188.0,1.0,4.0,12.0,2388.0,12.0,2388.0,0.0,0.0,0.0,1.0,0.2,55.0,16.0,12.0,776.5,7.0,0.125,10.12,64.0,424.0,0.4375,0.3,0.0,1.0,5.0,0.062,4.0,0.25,4.0,39.5,58.0,48.0,4.0,3.0,0.5,0.0,50.0,4.0,1.0,0.0,1.0,1.33,0.333,513.6,1,0,0,0,0,0,1,0,0,0,0,0,1,0,1,0,1,0,1
A-42b791,Company_464,2024-05-20,3,False,False,0,41,1.0,0.0,0.0,0.0,1421.0,1421.0,1421.0,1.0,19.0,0.0,1.0,29.0,1421.0,29.0,1421.0,0.0,0.0,0.0,0.0,0.0,19.0,3.0,3.0,266.0,2.0,0.0,11.0,272.0,272.0,0.6667,0.075,0.0,0.0,0.0,0.0,0.0,0.0,3.0,33.7,50.0,72.0,4.0,3.0,0.333,0.0,201.0,2.0,0.667,0.0,0.0,1.0,1.0,473.7,0,0,1,0,0,0,0,0,0,0,1,0,0,0,0,1,0,1,1
A-068fc6,Company_465,2023-07-17,35,False,False,0,349,4.0,1.0,0.0,1.0,9345.0,6965.0,2336.2,1.0,246.0,0.0,4.0,35.0,6965.0,35.0,1715.0,0.0,5250.0,3.061,1.0,0.0,78.0,19.0,18.0,1045.1,9.0,0.105,10.26,20.0,489.0,0.4737,0.45,1.0,3.0,5.0,0.158,2.0,1.5,5.0,38.8,62.0,121.4,4.2,4.0,0.4,0.0,66.0,4.0,0.8,0.0,1.0,0.54,0.143,267.0,0,1,0,0,0,0,0,0,0,1,1,0,0,0,1,0,1,0,0
A-bb1eaa,Company_468,2024-06-11,21,False,False,1,19,0.0,0.0,0.0,0.0,0.0,0.0,0.0,0.0,0.0,0.0,0.0,0.0,0.0,0.0,0.0,0.0,0.0,0.0,0.0,0.0,0.0,0.0,0.0,0.0,0.0,0.0,0.0,546.0,546.0,0.0,0.0,0.0,0.0,0.0,0.0,0.0,0.0,5.0,27.0,58.0,95.2,4.0,4.0,0.8,0.0,26.0,4.0,0.8,0.0,2.0,0.0,0.238,0.0,0,0,0,0,0,0,0,0,0,1,0,1,0,0,0,0,0,0,0
A-cc98bc,Company_469,2023-05-24,32,False,False,0,403,8.0,1.0,0.0,1.0,19999.0,6368.0,2499.9,0.875,400.0,0.0,8.0,54.0,2646.0,32.0,6368.0,22.0,-3722.0,-0.584,1.0,0.0,35.0,32.0,23.0,1733.2,18.0,0.094,10.47,31.0,472.0,0.5625,0.575,0.0,1.0,9.0,0.031,8.0,0.125,3.0,4.7,10.0,122.3,4.0,4.0,0.667,0.0,383.0,1.0,0.333,0.0,0.0,1.0,0.094,625.0,1,0,0,0,0,0,0,0,0,1,0,0,0,0,0,0,0,1,0
A-d77f4c,Company_470,2023-09-25,4,True,False,1,279,8.0,1.0,1.0,1.0,26941.0,18706.0,3367.6,0.875,250.0,1.0,7.0,13.0,2587.0,8.0,152.0,5.0,2435.0,16.02,0.0,0.125,57.0,24.0,16.0,1284.3,10.0,0.042,9.42,47.0,453.0,0.4167,0.4,0.0,4.0,8.0,0.167,4.0,1.0,1.0,8.0,8.0,82.0,5.0,5.0,0.0,0.0,366.0,1.0,1.0,0.0,0.0,6.0,0.25,6735.2,1,0,0,0,0,0,0,0,0,1,0,0,0,1,0,1,1,0,0
A-4a4c2d,Company_473,2023-05-02,54,False,False,0,425,9.0,0.0,1.0,2.0,28242.0,10746.0,3138.0,0.778,363.0,1.0,8.0,54.0,0.0,54.0,1026.0,0.0,-1026.0,-1.0,-1.0,0.111,75.0,34.0,22.0,1648.5,20.0,0.0,10.24,21.0,470.0,0.5882,0.55,2.0,3.0,8.0,0.088,5.0,0.6,4.0,41.5,54.0,98.0,4.0,4.0,0.25,0.0,52.0,1.0,0.25,0.0,1.0,0.63,0.074,523.0,1,0,0,0,0,0,0,0,0,1,1,0,0,0,1,0,0,1,0
A-19b2c8,Company_476,2023-06-06,20,False,False,1,390,9.0,0.0,0.0,0.0,16695.0,3980.0,1855.0,0.667,377.0,0.0,9.0,20.0,980.0,33.0,1617.0,-13.0,-637.0,-0.394,0.0,0.0,43.0,21.0,15.0,1045.9,16.0,0.0,9.62,1.0,524.0,0.7619,0.375,2.0,4.0,10.0,0.19,6.0,0.667,2.0,28.0,32.0,80.5,4.5,4.0,0.0,0.0,215.0,0.0,0.0,0.0,0.0,1.05,0.1,834.8,1,0,0,0,0,0,0,1,0,0,0,0,1,0,0,1,0,1,1
A-970c97,Company_477,2024-03-01,14,False,False,0,121,2.0,0.0,1.0,0.0,5572.0,2786.0,2786.0,0.5,116.0,0.0,2.0,14.0,2786.0,14.0,2786.0,0.0,0.0,0.0,-1.0,0.0,99.0,8.0,6.0,422.4,1.0,0.0,10.75,44.0,490.0,0.125,0.15,0.0,2.0,2.0,0.25,0.0,0.0,1.0,61.0,61.0,139.0,5.0,5.0,0.0,0.0,518.0,1.0,1.0,0.0,0.0,0.57,0.071,398.0,0,0,0,1,0,1,0,0,0,0,0,0,1,0,1,0,1,0,1
A-5ed98d,Company_479,2024-06-22,24,False,False,1,8,1.0,0.0,0.0,0.0,4776.0,4776.0,4776.0,1.0,2.0,0.0,1.0,24.0,4776.0,24.0,4776.0,0.0,0.0,0.0,0.0,0.0,2.0,1.0,1.0,10.1,0.0,0.0,11.0,113.0,0.0,0.0,0.025,0.0,0.0,1.0,0.0,1.0,0.0,4.0,26.8,65.0,95.5,4.25,4.0,0.75,0.0,94.0,2.0,0.5,0.0,0.0,0.04,0.167,199.0,1,0,0,0,0,0,0,0,0,1,0,0,0,1,0,0,1,0,0
A-9c18c4,Company_481,2023-07-27,11,False,True,0,339,7.0,1.0,0.0,0.0,13445.0,3781.0,1920.7,0.857,326.0,1.0,6.0,11.0,539.0,12.0,228.0,-1.0,311.0,1.364,1.0,0.143,119.0,26.0,20.0,1490.0,19.0,0.077,9.92,12.0,529.0,0.7308,0.5,2.0,4.0,7.0,0.154,3.0,1.333,3.0,52.3,69.0,129.3,4.33,4.0,0.667,0.0,69.0,2.0,0.667,0.0,1.0,2.36,0.273,1222.3,0,0,0,1,0,0,0,0,0,1,0,0,0,0,0,1,0,1,1
A-cc8c8f,Company_482,2024-06-16,23,False,False,1,14,1.0,1.0,0.0,0.0,5572.0,5572.0,5572.0,1.0,9.0,0.0,1.0,28.0,5572.0,28.0,5572.0,0.0,0.0,0.0,1.0,0.0,9.0,3.0,3.0,94.8,3.0,0.0,8.67,101.0,230.0,1.0,0.075,0.0,0.0,2.0,0.0,2.0,0.0,2.0,14.5,22.0,123.0,3.5,3.0,0.0,0.0,213.0,2.0,1.0,0.0,0.0,0.13,0.087,242.3,1,0,0,0,0,0,0,0,0,1,0,0,0,0,1,0,1,0,0
A-e1b9cd,Company_484,2023-02-26,40,False,True,1,490,11.0,0.0,3.0,0.0,32362.0,7960.0,2942.0,0.727,467.0,1.0,10.0,40.0,760.0,40.0,1960.0,0.0,-1200.0,-0.612,-3.0,0.091,39.0,39.0,24.0,1913.4,27.0,0.103,10.56,6.0,509.0,0.6923,0.6,3.0,7.0,17.0,0.179,10.0,0.7,1.0,35.0,35.0,115.0,3.0,3.0,0.0,0.0,380.0,1.0,1.0,0.0,0.0,0.98,0.025,809.0,1,0,0,0,0,0,0,0,0,1,1,0,0,0,0,1,0,0,1
A-9f0b68,Company_489,2024-04-28,10,False,False,1,63,2.0,0.0,0.0,0.0,2408.0,1990.0,1204.0,0.5,44.0,0.0,2.0,10.0,1990.0,22.0,418.0,-12.0,1572.0,3.761,0.0,0.0,16.0,8.0,6.0,508.8,1.0,0.375,11.25,6.0,534.0,0.125,0.15,1.0,1.0,2.0,0.125,1.0,1.0,2.0,20.5,37.0,83.5,3.5,3.0,0.5,0.0,51.0,1.0,0.5,0.0,1.0,0.8,0.2,240.8,0,1,0,0,0,0,0,0,0,1,0,0,0,0,0,0,1,0,1
A-0e966d,Company_493,2024-06-25,11,False,True,0,5,0.0,0.0,0.0,0.0,0.0,0.0,0.0,0.0,0.0,0.0,0.0,0.0,0.0,0.0,0.0,0.0,0.0,0.0,0.0,0.0,0.0,0.0,0.0,0.0,0.0,0.0,0.0,546.0,546.0,0.0,0.0,0.0,0.0,0.0,0.0,0.0,0.0,1.0,61.0,61.0,73.0,4.0,4.0,1.0,0.0,166.0,1.0,1.0,0.0,0.0,0.0,0.091,0.0,0,0,1,0,0,0,0,1,0,0,0,0,0,0,0,0,0,0,0
A-8ae3fc,Company_495,2024-06-28,9,False,False,1,2,0.0,0.0,0.0,0.0,0.0,0.0,0.0,0.0,0.0,0.0,0.0,0.0,0.0,0.0,0.0,0.0,0.0,0.0,0.0,0.0,0.0,0.0,0.0,0.0,0.0,0.0,0.0,546.0,546.0,0.0,0.0,0.0,0.0,0.0,0.0,0.0,0.0,4.0,39.5,69.0,65.5,3.75,3.0,0.5,0.0,64.0,4.0,1.0,0.0,1.0,0.0,0.444,0.0,1,0,0,0,1,0,0,0,0,0,0,0,0,0,0,1,0,0,0
A-55f257,Company_496,2023-12-21,9,False,False,0,192,8.0,3.0,0.0,2.0,7958.0,4577.0,994.8,0.875,170.0,0.0,8.0,24.0,1176.0,38.0,0.0,-14.0,1176.0,0.0,3.0,0.0,1.0,29.0,22.0,1107.2,20.0,0.138,8.69,9.0,533.0,0.6897,0.55,2.0,3.0,8.0,0.103,5.0,0.6,5.0,38.8,53.0,134.8,4.6,4.0,0.4,0.0,27.0,3.0,0.6,0.0,1.0,3.22,0.556,884.2,0,0,1,0,0,0,0,0,0,1,0,1,0,0,0,0,0,1,0
A-712533,Company_498,2023-07-31,18,False,False,1,335,6.0,0.0,0.0,2.0,5686.0,3582.0,947.7,1.0,322.0,0.0,6.0,45.0,0.0,18.0,0.0,27.0,0.0,0.0,0.0,0.0,65.0,25.0,20.0,1098.1,15.0,0.08,9.2,23.0,522.0,0.6,0.5,1.0,3.0,7.0,0.12,4.0,0.75,2.0,24.5,40.0,126.5,4.0,3.0,0.0,0.0,56.0,0.0,0.0,0.0,1.0,1.39,0.111,315.9,0,1,0,0,0,0,0,0,0,1,0,1,0,0,0,1,0,0,1
