model,roc_auc_mean,sd,ci_lo,ci_hi
0. Prior (no features),0.5,0.0,0.5,0.5
1. Single decision stump,0.5162,0.0453,0.4288,0.5961
"2. Logistic (L2, C=1)",0.5954,0.0766,0.4455,0.727
"3. Logistic (L2, C=0.05)",0.5789,0.0776,0.4178,0.731
"4. Logistic (L1, C=0.1)",0.5687,0.0782,0.408,0.6978
5. Random forest (depth 4),0.539,0.0775,0.4247,0.6833
6. LightGBM (pipelined),0.517,0.0763,0.3682,0.6259
7. LightGBM (native NaN + categoricals),0.5307,0.0791,0.3638,0.6641
8. HistGradientBoosting (native NaN),0.5154,0.0832,0.3719,0.6788
