trial,model,cv_auc
0,LinearSVC,0.5336757575757576
0,SGD (log loss),0.5175696969696969
0,Logistic (L2),0.5121636363636364
0,LDA,0.5069878787878788
0,Ridge,0.5042969696969697
0,Extra trees,0.5011030303030303
0,Extra tree,0.49906666666666677
0,kNN (k=15),0.4841469696969697
0,Gradient boosting,0.4629
0,GaussianNB,0.46076060606060604
0,AdaBoost,0.45942272727272726
0,Random forest,0.45796363636363624
0,LightGBM,0.4519151515151515
0,XGBoost,0.44793939393939397
0,Decision tree (d3),0.44326060606060613
1,Extra tree,0.527539393939394
1,Extra trees,0.4877666666666666
1,GaussianNB,0.45816818181818186
1,SGD (log loss),0.4567030303030303
1,kNN (k=15),0.4541969696969697
1,Logistic (L2),0.45105757575757577
1,Ridge,0.4417242424242424
1,LightGBM,0.43961212121212123
1,XGBoost,0.4387818181818182
1,LDA,0.4360818181818182
1,AdaBoost,0.4282151515151515
1,LinearSVC,0.4227818181818182
1,Decision tree (d3),0.40548333333333336
1,Random forest,0.3997454545454545
1,Gradient boosting,0.385730303030303
2,AdaBoost,0.5132439393939394
2,Extra tree,0.5106030303030302
2,Decision tree (d3),0.510180303030303
2,Gradient boosting,0.4764424242424242
2,LightGBM,0.4727484848484848
2,GaussianNB,0.47226060606060616
2,Extra trees,0.44277575757575754
2,Random forest,0.44066666666666665
2,kNN (k=15),0.4403787878787879
2,XGBoost,0.42917272727272726
2,LinearSVC,0.4062363636363636
2,SGD (log loss),0.4047454545454546
2,LDA,0.4046242424242424
2,Logistic (L2),0.4013030303030303
2,Ridge,0.3898545454545455
3,kNN (k=15),0.6159727272727273
3,Gradient boosting,0.5656575757575758
3,AdaBoost,0.5626242424242422
3,Decision tree (d3),0.5247469696969698
3,Extra tree,0.5230303030303031
3,XGBoost,0.5152939393939393
3,Random forest,0.5076212121212121
3,LDA,0.501339393939394
3,Extra trees,0.4899757575757576
3,LightGBM,0.48798787878787875
3,Ridge,0.47752424242424246
3,LinearSVC,0.47372121212121215
3,SGD (log loss),0.47351212121212116
3,GaussianNB,0.46890303030303027
3,Logistic (L2),0.4554060606060606
4,Gradient boosting,0.5652939393939393
4,LightGBM,0.5519060606060606
4,GaussianNB,0.5480227272727272
4,Random forest,0.5466636363636364
4,XGBoost,0.5410363636363635
4,SGD (log loss),0.5376727272727273
4,Logistic (L2),0.5289181818181818
4,Decision tree (d3),0.5246363636363636
4,kNN (k=15),0.5215954545454545
4,Extra trees,0.5161909090909091
4,LinearSVC,0.5119969696969696
4,Ridge,0.5100090909090909
4,LDA,0.49964545454545445
4,Extra tree,0.4724651515151515
4,AdaBoost,0.465140909090909
5,GaussianNB,0.5789469696969697
5,kNN (k=15),0.5782136363636364
5,Extra tree,0.5511469696969696
5,Extra trees,0.5504757575757576
5,Decision tree (d3),0.5475878787878788
5,Random forest,0.542160606060606
5,SGD (log loss),0.5219151515151516
5,Ridge,0.5164727272727272
5,LDA,0.5161424242424242
5,AdaBoost,0.5037984848484848
5,LinearSVC,0.5034181818181819
5,Logistic (L2),0.49783030303030307
5,LightGBM,0.4924151515151515
5,Gradient boosting,0.4883
5,XGBoost,0.483060606060606
6,Random forest,0.5692393939393939
6,Extra trees,0.5680121212121212
6,XGBoost,0.5669939393939394
6,Decision tree (d3),0.5598303030303031
6,GaussianNB,0.55235
6,LightGBM,0.5490545454545455
6,Gradient boosting,0.542478787878788
6,LDA,0.5058333333333335
6,AdaBoost,0.4995181818181818
6,LinearSVC,0.49849696969696966
6,Ridge,0.49682121212121216
6,Logistic (L2),0.4865757575757576
6,kNN (k=15),0.48626818181818177
6,Extra tree,0.47723787878787877
6,SGD (log loss),0.4711363636363636
7,LinearSVC,0.5394575757575757
7,kNN (k=15),0.5248666666666667
7,GaussianNB,0.5246696969696969
7,LDA,0.5242696969696969
7,SGD (log loss),0.5106999999999999
7,Ridge,0.5105666666666667
7,Logistic (L2),0.5081242424242424
7,Extra tree,0.4905151515151515
7,AdaBoost,0.48999393939393937
7,Extra trees,0.4788969696969696
7,Decision tree (d3),0.4747727272727273
7,Gradient boosting,0.4581060606060607
7,LightGBM,0.4570242424242424
7,XGBoost,0.44704848484848486
7,Random forest,0.4468757575757575
8,Random forest,0.6143757575757576
8,AdaBoost,0.563330303030303
8,XGBoost,0.5631181818181819
8,LightGBM,0.5621606060606061
8,Extra trees,0.560839393939394
8,kNN (k=15),0.5592121212121212
8,GaussianNB,0.5511454545454546
8,Decision tree (d3),0.5413848484848487
8,Logistic (L2),0.5411939393939393
8,Gradient boosting,0.5368333333333334
8,Ridge,0.5249090909090908
8,SGD (log loss),0.5152727272727272
8,LinearSVC,0.5146363636363636
8,LDA,0.5080333333333333
8,Extra tree,0.4291969696969697
9,LDA,0.6227939393939395
9,Ridge,0.6047969696969697
9,LinearSVC,0.5576424242424243
9,SGD (log loss),0.5512121212121213
9,Logistic (L2),0.5378060606060606
9,XGBoost,0.5358878787878788
9,Decision tree (d3),0.5187151515151515
9,LightGBM,0.5094666666666667
9,AdaBoost,0.5062939393939395
9,Gradient boosting,0.5035939393939393
9,Extra tree,0.5009515151515151
9,kNN (k=15),0.4963878787878788
9,GaussianNB,0.45544393939393935
9,Random forest,0.4429939393939394
9,Extra trees,0.3655424242424242
10,LightGBM,0.5798242424242426
10,XGBoost,0.5773515151515152
10,AdaBoost,0.5621530303030304
10,Decision tree (d3),0.5488318181818181
10,Gradient boosting,0.5209727272727273
10,Extra tree,0.5030984848484847
10,Random forest,0.5016242424242424
10,LinearSVC,0.43603333333333333
10,kNN (k=15),0.4293015151515151
10,SGD (log loss),0.41907575757575766
10,LDA,0.4135454545454545
10,GaussianNB,0.40830151515151514
10,Ridge,0.3977666666666667
10,Logistic (L2),0.39564242424242424
10,Extra trees,0.3734272727272728
11,kNN (k=15),0.6235348484848484
11,GaussianNB,0.6198166666666667
11,LightGBM,0.6107090909090909
11,Random forest,0.605560606060606
11,Logistic (L2),0.5983333333333334
11,Extra trees,0.5942878787878788
11,LinearSVC,0.5820454545454545
11,Ridge,0.5728878787878788
11,SGD (log loss),0.5678818181818182
11,Extra tree,0.5567727272727273
11,XGBoost,0.5563484848484848
11,LDA,0.5452303030303031
11,AdaBoost,0.5412530303030303
11,Gradient boosting,0.5239090909090909
11,Decision tree (d3),0.4782575757575757
12,XGBoost,0.6019454545454546
12,AdaBoost,0.596171212121212
12,Decision tree (d3),0.5939787878787879
12,Random forest,0.5628969696969698
12,Gradient boosting,0.5442424242424244
12,Extra trees,0.5239333333333335
12,GaussianNB,0.5233060606060607
12,Logistic (L2),0.5172454545454546
12,LDA,0.514569696969697
12,LightGBM,0.5138818181818182
12,Ridge,0.5137272727272727
12,LinearSVC,0.4982787878787878
12,SGD (log loss),0.49069090909090907
12,kNN (k=15),0.47432727272727265
12,Extra tree,0.43953181818181813
13,Logistic (L2),0.6243333333333333
13,LinearSVC,0.597512121212121
13,Ridge,0.5943090909090909
13,SGD (log loss),0.5921575757575758
13,XGBoost,0.5846666666666667
13,AdaBoost,0.575089393939394
13,LDA,0.5744606060606061
13,Random forest,0.5710818181818181
13,Gradient boosting,0.5697121212121212
13,kNN (k=15),0.5616787878787879
13,GaussianNB,0.5607924242424243
13,LightGBM,0.551630303030303
13,Extra trees,0.5187606060606061
13,Decision tree (d3),0.49347121212121214
13,Extra tree,0.4556545454545454
14,GaussianNB,0.548169696969697
14,Extra tree,0.5474030303030302
14,Extra trees,0.5297242424242424
14,Gradient boosting,0.5296333333333332
14,Logistic (L2),0.5268060606060605
14,SGD (log loss),0.5222151515151515
14,Decision tree (d3),0.5136924242424242
14,LDA,0.5048121212121213
14,LinearSVC,0.49965757575757574
14,Ridge,0.49816969696969693
14,kNN (k=15),0.48539545454545446
14,AdaBoost,0.47197424242424235
14,XGBoost,0.4423727272727273
14,LightGBM,0.43364545454545456
14,Random forest,0.41300909090909094
15,SGD (log loss),0.5749878787878788
15,Logistic (L2),0.5687363636363637
15,LinearSVC,0.5642454545454546
15,Ridge,0.562169696969697
15,GaussianNB,0.5515878787878788
15,Random forest,0.5471787878787879
15,LDA,0.5425636363636364
15,Extra trees,0.5309484848484848
15,Decision tree (d3),0.5154636363636362
15,Gradient boosting,0.49320303030303025
15,LightGBM,0.491969696969697
15,AdaBoost,0.4844454545454545
15,XGBoost,0.4606545454545454
15,kNN (k=15),0.45603030303030306
15,Extra tree,0.45320606060606067
16,Random forest,0.5223333333333333
16,LightGBM,0.5015272727272727
16,Decision tree (d3),0.4932787878787879
16,Gradient boosting,0.4926151515151516
16,AdaBoost,0.48607575757575755
16,SGD (log loss),0.47826969696969696
16,Logistic (L2),0.4781878787878788
16,Ridge,0.47746363636363637
16,LDA,0.47513939393939386
16,LinearSVC,0.4691121212121212
16,kNN (k=15),0.4667651515151515
16,Extra trees,0.4636363636363637
16,XGBoost,0.46316969696969695
16,GaussianNB,0.44316969696969694
16,Extra tree,0.42700000000000005
17,Extra tree,0.4425378787878788
17,Gradient boosting,0.44135151515151516
17,Decision tree (d3),0.4351000000000001
17,kNN (k=15),0.4231590909090909
17,LinearSVC,0.41630909090909096
17,SGD (log loss),0.4148060606060605
17,LightGBM,0.4114606060606061
17,LDA,0.40919696969696967
17,Ridge,0.4021575757575757
17,XGBoost,0.38516060606060604
17,Logistic (L2),0.3839939393939394
17,Random forest,0.38351818181818176
17,AdaBoost,0.3463227272727273
17,Extra trees,0.31880000000000003
17,GaussianNB,0.2746469696969697
18,kNN (k=15),0.5831575757575758
18,Logistic (L2),0.5413575757575758
18,LinearSVC,0.5402515151515151
18,GaussianNB,0.531481818181818
18,SGD (log loss),0.5262575757575757
18,Extra tree,0.5087530303030302
18,Ridge,0.5037090909090909
18,LDA,0.48518181818181816
18,Decision tree (d3),0.4538636363636363
18,Extra trees,0.44380606060606065
18,Random forest,0.4305060606060606
18,AdaBoost,0.4252439393939394
18,Gradient boosting,0.416069696969697
18,LightGBM,0.39825454545454547
18,XGBoost,0.3953363636363636
19,LightGBM,0.5442939393939394
19,XGBoost,0.5187424242424242
19,Decision tree (d3),0.51145
19,Extra tree,0.5085469696969697
19,Gradient boosting,0.4922545454545455
19,kNN (k=15),0.4842136363636363
19,AdaBoost,0.4798348484848485
19,Random forest,0.4737151515151516
19,GaussianNB,0.46613181818181815
19,Logistic (L2),0.43709393939393937
19,Extra trees,0.42905454545454547
19,SGD (log loss),0.424821212121212
19,LinearSVC,0.42341212121212124
19,LDA,0.40299393939393935
19,Ridge,0.3939878787878788
